,IND_Communication_Services,IND_Consumer_Discretionary,IND_Consumer_Staples,IND_Energy,IND_Financials,IND_Health_Care,IND_Industrials,IND_Information_Technology,IND_Materials,IND_Real_Estate,IND_Utilities,Momentum,Volatility,Liquidity,Beta
2023-02-06,-0.012257096159797939,-0.0031241189337234566,-0.0054925044086169,-0.022992321812784596,-0.0036506387313819215,-0.013962346596220653,-0.005455026841902402,-0.010447711609503123,-0.01291115608381848,-0.005691588181314438,0.003066291494261371,0.0045511708298038986,0.003926121618856482,0.002902065633677506,-0.006843977236773139
2023-02-07,0.009100209522108335,0.00422265430544126,0.00011738763486858039,0.033566219098812994,0.012747995702021354,0.010213472379744225,0.0025465347153960536,0.016957521765184863,0.007806755015445415,0.0013304054756053168,0.0016572104589512983,0.0014343506367835025,-0.003544887424716015,0.00048401438441050197,0.007473612879085737
2023-02-08,-0.015942707378522165,-0.010979899695521565,-0.009929738068684605,-0.01907476623288565,-0.0059278524043325275,-0.007375967321518909,-0.00506916643271461,-0.007959890445500693,-0.010127867762412332,-0.001011715849625863,-0.018438095622281138,0.0010279053197092619,0.008272310801370614,0.0003110148165332017,-0.008404946574709813
2023-02-09,-0.012285576600840967,0.0014099106646624105,-0.007859022647818667,-0.017145015270774493,-0.014795937472316358,-0.015700747581143547,-0.01072486231081149,0.005622676508562231,-0.017749235754046203,-0.01029789725379428,-0.016655253496602677,0.005689093083523165,-0.0022880445559927518,-0.0014447247398502053,0.0009347242645960168
2023-02-10,-0.009490127002952863,-0.005937434438761306,-0.00019878131931503772,0.027376170704838953,0.0058335046774247125,0.0020494805756253592,0.0017331753085339668,-0.0008532325608616125,0.004381220663034665,0.003991972364992184,0.011025959059087728,0.004464087960221634,0.0010802129850005,0.0007023911960602927,-0.007973313356764482
2023-02-13,0.012161717496304018,0.017845627218516708,0.015189069315588355,0.003252335745827138,0.006742578911752098,0.01305173448640311,0.010649387655096947,0.009826241781174224,0.006948331508379977,0.007949653293925246,0.009292065987988663,-0.00012709713042702067,-0.006352707212533509,-0.001106694184950759,0.009481508551994837
2023-02-14,0.0009588461633940522,0.00019494560829655958,-0.0008086218286058046,0.001547258409708953,-0.007108296945485886,-0.0027222559521229302,-0.0002548002723053119,0.004272087046411308,0.0022357154028051045,-0.00573093846447751,0.0012693569770365208,0.0012228058014682856,0.00239409289315306,0.002032829727843331,0.006134737441284547
2023-02-15,0.024863434733074757,0.00797105359309307,0.013258567090871051,-0.015497635628523177,0.00699413381418213,0.004828920984374132,0.011648517017690027,0.0010350040750738477,0.008496568720814755,0.0033111302423579473,0.016046046772514207,-0.005124422021428214,0.006903107632644898,-0.0027498059862044754,0.002914356301062588
2023-02-16,-0.012597231201210594,-0.008099041773363456,-0.012961084312428662,-0.010960444528904212,-0.010454136911404743,-0.009576691113268582,-0.011045263005363478,-0.013058993856221206,-0.010915576258226641,-0.011766584771286245,-0.016137779637169003,0.0036017654810173425,-0.004658561915048325,-0.0019017864967809455,-0.001619012523692413
2023-02-17,-0.001115446049419598,-0.0013377268489637914,0.0012866602902377306,-0.03729340052746772,0.00038357291233324383,-0.0002884656999879596,0.0033931807482514994,-0.0059607553205384585,-0.00896957580974563,-0.008150066178564192,0.003556753155026396,-0.0031308872786239986,-0.0006968335990040515,-0.0008022533278926088,-0.008414635595513486
2023-02-21,-0.023436475423628957,-0.022297028166885745,-0.011855576400522571,-0.018598670531486266,-0.019829159844008543,-0.022024817292293723,-0.027674262902326326,-0.020014600600953683,-0.022980030393919517,-0.0186955917438566,-0.022162439291041648,0.0047709710344439665,0.0037441484197417853,0.0017727835559511367,-0.009545875200549121
2023-02-22,-0.0022547817531567865,0.0012802054867690046,-0.0014489283049706277,0.001307675607823796,-0.0013400779215767588,-0.0037558119419861535,0.0006563645674053408,-0.0019176809318500639,0.00601002025243849,-0.009603989059288791,-0.0038239484194534934,-0.00150295582048992,0.0007928256036484014,-0.00038420524335800187,-0.0006270023532164939
2023-02-23,0.0045561496801432904,-0.007000055639684104,0.0030769096661349394,0.013528140766250859,0.0005575105517696805,0.0040386200162784835,0.008092603545993166,0.00801494149208889,0.0026176086238772975,0.010209652247452808,-0.00021508104384885073,0.0036902336016307593,-0.0016411659498953987,-0.0015205283781622525,0.00665493776526432
2023-02-24,-0.011918464110999047,-0.012461173744107766,-0.0076921888579894685,-0.00021660586812305392,-0.004166474117520405,-0.014946525903277936,-0.006428141766017897,-0.014473651977282552,-0.0020937650592374145,-0.014704387287576325,-0.004791224742165606,0.0065711527485477934,-0.00624923074951381,-0.00028541812088308177,0.002075826601914072
2023-02-27,3.0087285882533777e-05,0.004892901911803864,0.0005272719959134863,-0.004771940159731969,-6.250539217478973e-05,-0.003519387843923072,0.006024331582095304,6.375359377583529e-05,0.0041741217591259264,0.0017888254754226324,-0.003718970981829795,0.0009560453150195491,0.00447992589748055,0.0025045182452799685,-0.0007714903026791076
2023-02-28,-0.00557804325176709,-0.004815470610794072,-0.0037815558228880405,-0.015272713853538185,0.0032101720321212265,-0.0032075717020236486,0.00046609437020822254,-0.003238801459782527,0.003478781048800849,-0.0016434082566612,-0.012655845983475385,-0.0010297904567775353,0.001330852042194378,-9.403669835111513e-05,0.002906843575011594
2023-03-01,-0.004526744181332468,-0.006429016089105483,-0.006335589742620778,0.011153098965205164,-0.0017153130712301047,-0.0019140046206200338,0.002353203775024276,-0.00020756941983357324,0.0025217425326066133,-0.010755687004156791,-0.016254657860258367,0.006596225392594284,0.0040723700393248885,-0.00020073140742520463,-0.0008561962792202453
2023-03-02,0.0102470180907577,0.007293641795132675,0.012304672151817547,0.01292633947793522,-0.005361499335991702,0.008480204062928725,0.011430442566772413,0.006321939208876622,0.017789051676096186,0.008469448873619905,0.016398250394637895,-0.0020535319564783105,-0.00029402767063076114,9.101276611083043e-05,0.0018757380998462038
2023-03-03,0.008424246690806497,0.011221634604965851,0.008897615491903686,0.01673991490478721,0.01395229398940407,0.016765591226591863,0.013691984042326263,0.009254786361510302,0.010166927118322866,0.01863604655266997,0.022638193256175762,2.8295043765088897e-05,0.0006108042580480933,0.0017054196735362733,0.005822298937021649
2023-03-06,-0.0019066058137128532,-0.003817869080702175,-0.0034051446438704757,-0.010272822389147626,-0.0022763074286720605,-0.008245518470536516,-0.004589278020567956,-0.0016304055184935117,-0.0170144355756027,-0.0014438970020858935,0.0053565233166867786,0.0026124110568947175,-0.004139129811609002,0.002450696113212219,0.00040096966714722054
2023-03-07,-0.009189420149811405,-0.010641015389940844,-0.007605863480895118,-0.022355695806617455,-0.022298294935735305,-0.01775083321425866,-0.011123480557272055,-0.01219189127329335,-0.021363499512197435,-0.025138825774966064,-0.013732488329758047,0.003477565610477661,0.0025714944305848066,-0.0002100183157616736,-0.0004750724126307177
2023-03-08,0.00110486844692145,-0.0022936653946100142,0.007550384606806785,-0.006947099685233631,-0.0033344712712514825,-0.002322371087280711,0.001547988624633975,0.00882985261803346,0.005799220673416845,0.012538983978909948,0.009900051615257498,0.0014094299696224349,-0.003317418833435696,-0.00021860945430989613,0.006195429891250559
2023-03-09,-0.023380095546471656,-0.019901102029687603,-0.01622244881398572,-0.01589305166080331,-0.0357484833693085,-0.01417356551505988,-0.01824750348374294,-0.01626612469765052,-0.024808729753126306,-0.02588862982616511,-0.01504341412093132,0.0001645438567733289,-0.005749097802722736,-0.0002921920004331074,-0.0006753844392348351
2023-03-10,-0.015940731443362163,-0.010337357375723957,-0.016518547893510364,-0.021296068892548325,-0.03005399214734176,-0.016404188704109767,-0.02303336645667057,-0.016570011545946027,-0.024278972885663105,-0.03877238217603864,-0.026199406061962097,0.001153293647181525,-0.004749998569868122,0.003905955596414737,-0.005452014573776794
2023-03-13,-0.005825890963141681,-0.010321511018051989,0.004308474022304727,-0.024951650106186184,-0.042451694685498,0.008500259925029374,-0.007648312936398166,-0.004458016686666369,-0.010984912323863895,0.013006744999561684,0.017732470892957604,-0.0009338628391493373,0.0025697091832644174,0.0025449578136769973,-0.0007079021840233622
2023-03-14,0.02092171313398549,0.005311012939199907,0.016965143137305586,0.008617319407533207,0.023068228350465996,0.01404085709267957,0.009833531101833992,0.014759278434789308,0.00926894097294595,0.0076835552966278975,0.01850536897457158,0.004039350657462076,-0.005498900162479625,0.0017365369857797938,0.010000140384094202
2023-03-15,-0.0024358162197235444,-0.009915343585086524,-0.0021777922144167834,-0.05064272321472085,-0.025129175284042144,-0.009788610492067768,-0.021787012260125475,-0.008342431274592771,-0.031807567270677115,-0.0036103936838955595,0.007851681030413152,-0.008535686214120718,0.002250977216105634,0.0024962062515167215,-0.00782944508557889
2023-03-16,0.016424541565033375,0.014458784991625095,0.0036746978632925466,0.014072513419166363,0.020830315343910305,0.01424526033692087,0.014207046350170494,0.021692290807366666,0.009465115452515271,-0.002887720749698933,0.012594241142018901,0.0017595404176692655,0.0031727269852881014,0.0014213108879958824,0.0026876510898040528
2023-03-17,-0.010332004656114358,-0.014012650837860213,-0.012952851749059514,-0.01727090839739221,-0.029743376549748585,-0.014330944694040561,-0.017335838453575718,-0.00921714080911614,-0.01577213447634791,-0.024198600210935478,-0.010300976451702736,-0.0024564903462379207,0.0020603022913411005,0.0020766759151587912,-0.002425542080269434
2023-03-20,0.013607464890663515,0.008621051130948354,0.012092901095523313,0.018576913310482397,0.015816608941986908,0.012725975380854862,0.01203109661312363,0.013848929837454664,0.019150309680054947,0.01027344277991458,0.0064165774416828384,0.0037394414650837424,-0.0026763304038739675,-0.0019795126662637916,-0.0004814796455838687
2023-03-21,0.014764629917626098,0.013384777837861891,0.009383353596232664,0.025088279423500413,0.032945222907418,0.014380942390936834,0.014908173609726547,0.006361091258596278,0.01480280261990724,0.00029685084423682805,-0.01369175551881538,0.00028215971332519067,0.007448499940438865,-1.674289627088021e-05,0.0032323535514131286
2023-03-22,-0.020971183458127984,-0.016276948563482573,-0.013655649983560862,-0.025686385860268144,-0.030825701052670164,-0.02003918894576802,-0.01958029278372105,-0.01609024518489479,-0.019353479038437867,-0.038140745841157675,-0.024898370342004008,0.0009657859192929784,0.0004550816338053068,0.0003956779393014171,-0.0025028693805325
2023-03-23,0.015123819816730187,-0.0013931169075826924,-0.005671824356557029,-0.015130887838558477,-0.015317325988110338,-0.004147032057665966,-0.005614655703293658,0.015239915926114152,-0.002205862933933369,-0.007381863030165898,-0.011905902893561332,0.0018976776296822776,-0.001966192507616426,0.0010818603317607378,0.0012586533748434078
2023-03-24,-0.00042878833883971875,0.000955489035064886,0.009524678977679318,0.006355581178501843,0.0044094027103951895,0.010761393378452116,0.003993610534680157,0.00018252014133776526,0.006018623795346772,0.02096383909423527,0.025302082852747175,-0.0026926344502910507,0.0007127370106093742,-0.000543203143385653,-0.00655078134413384
2023-03-27,0.005984503880778116,0.004389043664940789,0.004753282271839699,0.02235611150847767,0.012406461033512279,0.004611541299610709,0.00715785683781245,0.0021141349169349092,0.007492365514947056,-0.001290535826704434,-0.0009775748381914034,0.0011129403621174044,-0.0033142686115298883,-0.0013845096763972957,-0.00040574207059809834
2023-03-28,-0.004376639857552673,0.008019520989192888,0.0026143225939541798,0.01743661633737836,0.0017710561293188968,-0.0050438796945820865,0.004946990315793443,-0.0033029943671643576,0.006451214031570149,-0.0036685604212165564,0.0021504960414479523,-0.0008787124799439382,-0.001890359060701144,-0.0014725192602517813,-0.0005802164645762699
2023-03-29,0.01237601773691054,0.013940832308928891,0.009627354996308056,0.014133477959214406,0.017819254014191,0.007425433038373,0.015186218198101354,0.018992329856708727,0.014903164377914488,0.02217691909321556,0.018869505135717342,-0.002322355539670749,0.0010010091763135703,0.00021565782404079088,0.0034404757821480053
2023-03-30,0.005119230906669353,0.005960085156124749,0.003260932331863531,0.0030899620503452886,-0.0016358459995424548,0.006037158772307194,0.003166277410870943,0.0088253084889809,0.005918513985866902,0.010159944754501942,0.006440677540013808,-0.002035102525561744,0.0016719701683927785,-0.0004822424594388666,0.0004948170366820166
2023-03-31,0.014868759232188975,0.019654309824556442,0.012979612626539109,0.010250817715123773,0.013455181179019653,0.014988796453526547,0.015750879243882538,0.015341047903410312,0.014923127825160361,0.022481462861615755,0.011532197117896699,-0.0008837210622309013,0.004086644883158193,-0.0013692679404117983,0.0006809936779169092
2023-04-03,0.0023093869838709817,0.0026102130387353093,-0.0009468511175786224,0.03355002320727699,-0.0009645520778557576,0.0018438781313188277,-0.001807546814601254,0.0006335324894898686,0.005172495158795334,-0.00774884337509521,-0.012207111107926301,0.002359146147471233,0.0025572004501235486,0.0005983251036627377,-0.007215114795729365
2023-04-04,0.000676340996126867,-0.006057520769732225,-0.00984675533851424,-0.02007400735415381,-0.011215078961221318,-0.0038458344131267756,-0.024369122769339165,-0.008186044421438405,-0.016866768796339915,-0.004417547538130034,-0.0002516810555521523,-0.004624272868392116,0.0025970703162383557,0.0008776598812902489,-0.0071690800744531975
2023-04-05,-0.001366082323178616,-0.010536904715214457,-0.007936067981559502,0.014440994236039008,-0.0002224039865369802,0.007114615766198938,-0.014967030747592624,-0.008635346706796831,-0.004641295254026137,-0.00738230339448196,0.0193539254961671,-0.0005407107656984529,-0.002242052132707631,0.0006772194991015832,-0.00788007167017041
2023-04-06,0.0033357999380606135,-0.004167563694645365,0.0005239563612412716,-0.01486936427584898,0.004708830549999131,0.0010619597831500475,8.207790432547135e-06,-0.00656794293451868,-0.0018803592093191068,0.006934949995071105,0.007700624666501045,-0.001991142334780708,0.0024635772915144257,0.0019084212607915292,-0.0017535589710935319
2023-04-10,0.005797645538143989,0.005252131172931934,0.006755252537493899,0.00878392498419843,0.004772530869088312,0.0013323489011876574,0.01156122680046923,0.011669695215315483,0.004699468224667251,0.007597878781025972,0.003330159005241675,0.0025161327217097574,0.006078309568002908,-0.001720401928150496,-0.00035190742203326683
2023-04-11,0.0011093112490913753,0.007059465021416374,0.008385674964847394,0.014290474141169662,0.009841154101514147,0.007289636042028423,0.007168081521539735,-0.0026136285245887806,0.009440584869116836,0.004393143690219122,0.002885292179416938,-0.0019587096529879687,-0.0003873524408271168,-0.0020967250538057453,0.0027151605484497902
2023-04-12,-0.00959028503887681,-0.011486165236238365,-0.010450569674045139,-0.004213843768064822,-0.003874258903304756,-0.0032509981874577648,0.0012030078926614344,-0.0028938102497992574,-0.0010352824101590875,-0.006550619344060009,-0.006070315874072962,0.0023577855990133977,-0.001456789124950514,-0.0003767690511423762,-0.0027081924725983132
2023-04-13,0.015556916507222261,0.011238153527094213,0.006972885498924746,0.006830543340245289,0.007128814196476808,0.015812903452750424,0.0045712178167879565,0.008745741042175086,0.008790353604267163,-0.002379937223981107,0.0024365084993753015,-0.0008590360640945246,-0.0013076946771075017,0.00024939277083054276,0.004089430929598083
2023-04-14,-0.00511209282237659,0.000774133936764578,-0.0038554886537144045,0.0029722126486860312,-0.00046080175554346573,-0.005064128749230423,-0.0020228927944894214,-0.0068615688276261865,-0.00637709488408068,-0.011017778314350798,-0.009924369819332202,0.0021278604713470084,-0.003847610753220022,0.0015789868254732515,0.0047900125320671574
2023-04-17,0.00028308288198683967,0.00807279940475423,0.006765416033602095,-0.011506831083415594,0.010318471176173096,0.0006573517173785839,0.008155188237496145,0.004629641269107948,0.007633500778064715,0.020161102205392516,0.00295349021389989,-0.002175922816976669,-0.0014109170430344797,-0.0004620538189432199,-0.0006865968591711335
2023-04-18,-0.0007807598039305416,0.007854838903684793,0.004554688230339329,-0.0003004410705615351,0.0037104196018264367,-0.0027302241404329303,0.0021527100735647202,-0.0006043139846575505,0.0020774171047849626,-0.0001283654470491236,-0.00442693296788397,0.0033562230991296955,-0.0013700060903059797,-0.0002133366252582985,0.0034703421168660454
2023-04-19,-0.00567966877679599,-0.001227771161065779,0.00046630641350860484,0.0002970296409256942,0.0035878053034282984,0.005879774212715883,-0.001162510689463015,-0.01579289052013098,-0.0035791476406813443,0.003397790203758703,0.008733994214431526,-0.002471648085968781,-0.005072495246566921,0.00029421817690066806,0.003993901172814579
2023-04-20,-0.006903638380471166,-0.0031934622895297155,-0.0018964110238717036,-0.010280059019225954,-0.008169975405777038,-0.007124237621418986,-0.0015207146498006914,-0.007454656002212589,-0.00248034793281809,-0.010050592414299966,-0.005101861389650299,0.0049189758131719784,-0.004216545521211491,-0.0015163259549805378,0.001370681704043443
2023-04-21,0.006127058833102772,0.005058473231731084,0.0029058765398370656,-0.006454686949047085,-0.008711524407785576,0.009274428911956633,-0.0022338748897982874,-0.0012467238089199873,-0.010143910249796767,0.0013283699606920023,0.0020260785253893385,-0.0013208910679875607,-0.0014463074685853914,-0.0007259335656905824,0.0007608924025182244
2023-04-24,-0.002093517245602088,0.0046727456471559025,0.002629811447906541,0.017550182098180912,-0.00408520175953089,0.0065538996676003745,0.001775785330405009,-0.004406200729126323,0.007853757340354487,-0.004940018429271958,0.004873465645629473,-0.0010305587817901248,-0.0036958089872067587,-0.00032749632360982116,0.002124643584274035
2023-04-25,-0.012783063256213699,-0.015775725245517794,-0.013122869878291525,-0.02778230080079697,-0.01873482886938875,-0.023504862223994148,-0.014224767172090907,-0.020699523492726926,-0.02716327970025995,-0.00897800445009282,-0.00798415506097832,0.0016008492820707345,0.0021539749766429075,0.0006811483633908077,-0.011204409727882829
2023-04-26,-0.011040086795164961,-0.006715293810721397,-0.002284830719435773,-0.01543815426067613,-0.008656552406859388,-0.006363018210954229,-0.017165730941958245,0.0010675839252564658,-0.013331232429258646,-0.005263040103137602,-0.018445733442528055,0.0004256820853664868,-0.00048540493864351094,-6.159731553495851e-05,0.0032621828495325443
2023-04-27,0.03737656353347518,0.017820425219345713,0.012735511478547974,0.006647656732771586,0.01626004039261597,0.0036678601496687438,0.025832302758160713,0.014116089787248064,0.01330261112338717,0.024284417710974993,0.010293837875957767,-0.0006923431624520383,-0.0007559062371679601,-0.0007389483198043921,0.0006995986348016475
2023-04-28,0.010079594571976302,0.011281137976533205,0.008393399591470375,0.021144612710210935,0.011968840915319889,0.013414834763968876,0.00895895130859918,0.006163595152993973,0.010227128396066843,0.011755057085646958,-0.0006715617027888498,-0.0006679625247327916,-0.005316053442889286,-0.00035912387657075927,0.006954261273632575
2023-05-01,-0.00023031210434539025,0.0025943587587464395,0.002097680853877142,-0.005704268932282919,-0.007828074296307391,0.002687953258956974,0.0037669469482117025,0.003156996835862846,-0.00016220602255995176,-0.005406883319087995,-0.0016397109131661284,0.002308179430165896,-0.00012741624654300052,-0.0010888456593786458,-0.0007936644148539951
2023-05-02,-0.017240308626695823,-0.002272366342204508,-0.0011549479872974072,-0.04807393461778029,-0.027756650665287767,-0.008428863291291536,-0.006277901861069463,-0.016854679437173063,-0.00843602859876407,-0.015584588290029672,-0.011301450783005597,0.002956081380847514,0.0023762736453265786,0.0006381286549378178,-0.0004611112472703279
2023-05-03,-0.0029739482424744083,-0.009137287148533822,-0.007032364636645076,-0.023325707150060316,-0.009421747686513745,-0.001882580752949182,0.0017757912830052753,-0.00176762503345391,-0.01237457593748907,-0.004130047227583056,-0.0028243847197381247,0.0021978284916031703,0.0059352581198153665,-0.003406363914493829,-0.0031987514225298146
2023-05-04,-0.030662918930473192,-0.008819442152189529,-0.0076296627810715865,-0.01698891428962632,-0.014858362595357675,-0.009798096695577652,-0.010918617379256508,-0.0036777979671044083,-0.0031538939743640296,0.008150652662316304,0.006023559111657668,-0.00018650652861044637,0.0030607176241440556,0.0009947644659762012,-0.0038878029911346545
2023-05-05,0.017070036904909085,0.017254459304318757,0.013740243911733627,0.025066096688257822,0.029322257223248088,0.01202429195385206,0.020782544790506327,0.01110539926862085,0.015314388287419283,0.015291177758398162,0.011835301872645419,-0.004391050826927637,0.009951273268852326,0.0010636712983701823,-0.003348748241912518
2023-05-08,0.005539896437304902,0.005616768602145518,-0.0062942222625959245,-0.009665394714003853,0.0008303082872893099,-0.0033124002942765806,-0.0003333867295969766,0.0024857613703566607,-0.004072480594758589,-0.004098924510474998,-0.002142268555121933,-0.0007269475807515736,0.012637594232193577,0.001093051648442447,-0.006812016182373841
2023-05-09,-0.013228473913187981,-0.0012066671716400553,-0.006108467362152568,-0.0067075741321813934,-0.000534293311582004,-0.008853230174180514,0.002949480972861358,-0.004314961414902865,-0.008482975688872582,-0.001306213338147192,0.0014929849902891458,0.0009157487616872307,0.009981511041476883,0.0006190756124590928,-0.0077904914017344
2023-05-10,-0.00246541728654225,-0.004876481831666345,-0.003537548795988012,-0.01218676367743583,-0.005302721161715302,0.0020347778030997362,-0.002313154012219537,0.009721410371666432,-0.0019091393740094402,0.007019572639144333,0.011065675651525102,-0.0007353384385830031,0.004366538456768977,0.0006552703282434551,-0.002581113407510472
2023-05-11,-0.000892660705975436,-0.004443277910586576,0.0019553251302250317,-0.010417455225433914,-0.004401438289772062,-0.0029834431797080264,-0.0052201055707950484,-0.003895731278665544,-0.008277572405618631,-0.009360054951869281,-0.012773575473517054,0.0011513607761185094,-0.002449487795663227,-0.0005878494974526752,0.001694537730953847
2023-05-12,0.006695919713549158,-0.005362719892223565,3.6435726054947385e-05,0.006236069124160799,-0.004824751614141515,-0.003025477241040306,-0.003975876866396929,0.0058148187870161626,-0.0016245327728701298,0.0014936778060536914,0.0006020372086456324,0.005101231426500201,-0.004337395783291108,-0.001149481185315189,-0.0001597472642461463
2023-05-15,0.007349783904053978,0.004178477980821322,0.0032769473623627575,0.004722044320867687,0.008485599213742763,0.00513641447311265,0.006337252905735008,0.015723235371545838,0.009137621733651808,-0.0006695336250335293,-0.007804839366547468,-0.00333559943423707,0.004218965017348546,-0.0019057170970129408,0.002399678358055674
2023-05-16,-0.008592974343669329,-0.013919867740467615,-0.01161135404333992,-0.027062039370977547,-0.015075154240769875,-0.011125118263904667,-0.015114379702906603,-0.00668746889595074,-0.01756923951537544,-0.02247943186792257,-0.0220461810914872,0.0030630726213899573,-0.002822770913131876,0.0021690504911092063,0.0010131707542949174
2023-05-17,0.007434250894133225,0.014496013163567602,0.009532053998525544,0.019270061801667477,0.019928895774672942,0.004389326371281337,0.018163873208175207,0.015466398752952304,0.007230940097223906,0.012364420432786263,0.0035334248709859434,-0.003943398095341507,0.0019929605106475735,0.0017768079224942356,0.005299689422303165
2023-05-18,0.01639892897416769,0.009867256662387225,0.0010611558169954223,0.011564213116002467,0.008447304842327858,0.0030133911866670905,0.008490285808566317,0.020143133678956086,0.004785477768780699,-0.002193659590157619,0.00016615243956678746,0.0015985635402706113,0.0007929420759415789,-5.556065455119573e-05,0.004696314708151366
2023-05-19,-0.0079198710430529,-0.01272456592386509,-0.002759760247078535,0.0064825586998138495,-0.0048732756732979155,3.238274370495308e-05,-0.006154890670685423,-2.5939070023633044e-05,0.0011189092765637896,-0.0036737426230932214,-0.00379366087601256,0.0007945944877921355,-0.004620340181028062,0.001022232212366841,-0.0006719776765039224
2023-05-22,0.0016547335547993786,-0.009516523378126307,-0.004181915271319299,0.003150749051479552,0.007366997674484681,0.0054938136527524365,0.003469870519136468,0.0048015790499870625,-0.003508656894595232,0.004591004984362254,0.0048066277992257185,-0.003523439834540715,0.0032560192730542196,-0.0009756324742921679,0.0023279242875561897
2023-05-23,-0.01393996007830491,-0.015433440269121102,-0.009579255484156524,0.0017027696365607733,-0.008477344326090649,-0.01633830207502841,-0.010070434591562127,-0.012922139079485565,-0.009357484902854481,-0.013015621046300021,-0.004220338190888583,-0.005415438805772724,0.0024887805721328254,0.0013565319411366738,-0.004807750965889444
2023-05-24,-0.006568217649523611,-0.006883843492954565,-0.009168476817850203,-0.0002102474600903867,-0.013421664923653756,-0.012326986760298126,-0.01296102562396093,-0.009699753756711617,-0.014655418673148601,-0.01791481805753804,-0.008790631855636643,0.0028607712487161447,0.00432672161582897,0.000808831061360439,-0.005865069641371714
2023-05-25,-0.012379573413144915,-0.003614020286279164,0.0012172354622115816,-0.021276316274606338,-0.0004909061574367529,-0.008326746021657214,0.0033274921006446103,0.023824248685698265,-0.006286443059929958,0.006651713886851465,-0.007595075820984174,0.009084598835409966,-0.0006546953792902577,0.0016843795757867654,0.008362216182995819
2023-05-26,0.015609565369759106,0.0019699863168179815,0.010409049898659435,-0.002045739267998346,0.005572022508391132,0.0031220382720745753,0.008844026682392323,0.0282051243679562,0.0021254931865660343,0.01071607739685299,0.004471932103798041,-0.0004409761011902023,-0.00026775925166321437,0.0009902502180465145,0.0073178962538793125
2023-05-30,0.001424577940740197,-0.002440609508551456,-0.00937147265001098,-0.018674316342980897,0.005627020967926571,-0.007553645470166255,0.0008007000016971518,0.0035076160264652756,-0.00848440972061269,0.00684713504319535,0.00031522523620172244,-0.000568518563036192,0.010358444320067639,0.00014924503060343247,-0.0048959800008231795
2023-05-31,-0.0054626629452776175,-0.011801934062771635,-0.004444042281529929,-0.017705462696657497,-0.015273283040340825,0.0034499696690485837,-0.0168516948146397,-0.011270583429451189,-0.012883260161986378,0.007150776866460127,0.008132512496027207,-0.00026707942962280736,9.623578920490983e-05,0.002554738194177882,-0.0029535530933945146
2023-06-01,0.005820782728796909,0.0083365406210715,0.0019605292128203698,0.011994957029739944,0.010667419414446834,0.01462534425185837,0.012781082063968495,0.005158126556569745,0.008634652506647843,0.0017215739180757499,-0.0025686364693609355,-0.0014281853017169962,0.0060508408948015315,-0.00030054833330936414,0.001557128533653701
2023-06-02,0.00716408441395043,0.029960726352233208,0.019168303385381242,0.03984065081552119,0.023424227179191976,0.015295590485167059,0.029717041293871354,0.007637976947323045,0.03514639828624161,0.02027976969828696,0.010367681439022326,-0.0023696386057742657,-0.005311224862363795,-0.0030698218867634608,0.005726253860451332
2023-06-05,0.0009202243163145747,-0.0019590199458517418,-0.007647183443864506,-0.008409331028958597,-0.0053774158513528675,0.0015491538303324878,-0.006785040243331792,-0.010846301148898847,-0.0011837451227440022,-0.002818623138943393,0.004513264296831402,0.0016479376650950126,-0.0007529517096973797,0.0016761656024908264,-0.0011101555416079389
2023-06-06,0.008639680851129927,0.013011348740046183,0.002849233691043439,0.015604616332716393,0.01052528310798092,-0.0010880067331192863,0.00710362886393651,-0.000588971589881625,0.00977758466404553,0.0071949381896411636,0.002564554927449581,-0.0008504151703771179,-0.0066723761468365315,-0.0013168538587410086,0.009388126332109099
2023-06-07,0.0080543568845964,0.004802502856674486,-0.0031883732967179514,0.030640843267361287,0.005643138872758096,-0.0006942768505502504,0.015963360323482827,-0.0048905981292912855,0.01199115079807059,0.01203888248257631,0.01697499749867475,-0.005057976791413126,-0.0031094428045125443,-0.004167055946728685,0.00244559631490963
2023-06-08,-0.0015634606834521324,0.00325014273427484,0.003990688404981363,-0.02055463656613306,0.002243026117291586,-0.0011801213110455234,0.006721883928806318,0.005425245587302371,-0.004872263615907741,0.003404303180307047,0.00661578613425214,0.00033255063566576425,0.023655326063052644,0.0025501402827828195,-0.014871587529657075
2023-06-09,-3.0487722509658667e-05,-0.0003876307043042416,-0.003533482868469861,-0.002352586442261027,0.00013045180935428958,-0.0002967701020355758,-0.005716644481649295,0.001226839247368483,-0.006367939885635792,-0.000644689438940375,-0.00648483711877009,0.003013356931474761,-0.009326134658344809,0.001483448952483952,0.0048689530511984705
2023-06-12,0.008211238109894855,0.0166134872349369,0.006033057736120639,-0.011791610074169368,-0.007025356837450167,0.010965882332633554,0.00794032197940767,0.01991164544618236,0.00474002087550436,0.0009965967906689103,0.0028119449712041885,-0.0004908513324492059,0.0021646683601314097,0.0009576018897021575,0.002437940244308378
2023-06-13,0.003942628537406553,0.009942305909767125,0.013461471384786395,0.006648532157666232,0.009679470078995278,0.011960256450804726,0.014387359612499989,0.006409711293425606,0.018663824191462872,0.0035882295865041157,0.004352171616949818,-0.0024958913902976524,0.0017555607937870513,-0.0009352737440846041,0.004930543086383276
2023-06-14,-0.0007470201338779787,-0.002638742972405616,0.006433333779074011,-0.009185610207449717,-0.006213184451717959,-0.003946399435692419,-0.0031158941707548405,0.005225844334814805,-0.005142814634239432,0.001747104165339459,0.002464996970176434,0.0017273367669086747,-0.00174014264806783,0.00023882266246475942,0.0033000347134461965
2023-06-15,0.01002023033121482,0.012766192600919435,0.007018536980384482,0.010313585639308252,0.014190614876451768,0.017085982846069478,0.01663911987869552,0.010376875093323691,0.009144554897379113,0.0035797693357055424,0.011430724028798866,-0.002289958345811438,0.003908207471273145,2.4556381229369237e-05,-0.0019929112116462942
2023-06-16,-0.00688116142273337,0.000258575308221595,-0.002736137252477306,0.002012514974345663,-0.00247465949617166,0.0019519138279603435,-0.0010569005120030684,-0.0018667149677411173,0.0032994390241210918,-0.004154791627987344,-0.0021901289088634293,-0.002453550675386606,-0.0013093922932729185,-0.0016201758354679775,-0.0021540138708788636
2023-06-20,-0.013628625536082274,-0.005510754706718447,-0.006776055319825101,-0.020268885031637953,-0.00818412870825925,-0.0038966869657440185,-0.005516923194185702,-0.012720861439822848,-0.010405380341149247,-0.009766880220864534,-0.00922149902134751,0.002141207511842787,-0.0011106340155983148,0.0014492885970402618,0.001992348030113811
2023-06-21,-0.0018782289556018052,0.00042431514412539,0.0028662961032566285,0.010024711024833946,-0.002158195597472207,-0.00042446238423297916,0.004531921649801702,-0.018070547061643273,0.004242705576915742,-0.004559447897043343,0.006087604115784772,0.0031467605463814234,0.00010482872013569708,-0.0020076353524358897,-0.001265809993373833
2023-06-22,-0.0011286563427776888,-0.0017263816002646322,0.002096266398908667,-0.01857493335441109,-0.008634269150258679,0.0022357366670898824,-0.0054378170160262855,0.002906343400892119,-0.003611493500971798,-0.01121118866200541,-0.005578023532806481,0.0015507384725885265,0.004516330079344583,0.001984325293084793,-0.004317583145370812
2023-06-23,-0.0037926236694019034,-0.010585225686624749,-0.004934175950758102,-0.0024192573346934446,-0.007717933686673567,-0.0018952950122928668,-0.008475289304973243,-0.013565697873039769,-0.007596479791317875,-0.014109771654497366,-0.015432360713971825,0.002462951368295551,-0.0071856537394349345,-0.00016109840535051214,0.005169749797397466
2023-06-26,0.005223407038809927,0.002958933967031515,0.0011599357126088948,0.018037945656072637,0.000309540138826101,-0.0015344345095994918,0.008706263652440096,0.004411179311701553,0.007828587292406774,0.021184413032768402,0.008367703056311203,-0.002614934616167694,-0.002644188910867054,-0.0038356201205275962,0.0012415179405898598
2023-06-27,0.015487757974454886,0.01825444928139376,0.015608755368167217,0.003192099202191074,0.010886029103717644,0.0034453330809638494,0.01751795415942558,0.017687316501100996,0.0122093704013309,0.014997827855772266,0.010318067167999786,0.00011949623635268663,0.006488681670114162,-0.0010488692189292268,0.00446413903275645
2023-06-28,0.0030602321412195,0.0014894169809086077,-0.0035743176476093863,0.006598739608281021,-0.0008185872268921049,0.001788880903897614,0.00037572071626271034,-0.0042663835402885555,-0.009285812880927861,0.002179280657370207,-0.010407793170072599,0.0013811396700010444,0.006348463937156187,0.00022251107982016965,0.0009096543704664613
2023-06-29,0.0018231650313963923,0.0016314063596276464,-0.001805033862225921,0.017151196126863822,0.011817676155950417,0.007436626437221122,0.008027037032542665,0.008469327742983852,0.013021279808628211,0.007505822253466739,-0.00079460941218149,-7.338695718692718e-05,-0.005156688107385594,-0.0018965779071047951,0.0015702970306612858
2023-06-30,0.005216561458109957,0.01244789203231134,0.009209115955908086,0.004932920091220465,0.007601188904500496,0.010388075854010066,0.008242050526382811,0.010597685626169029,0.01015691398431287,0.006612411698143589,0.012857324079612674,0.0017267649995453822,0.0011328018573374418,0.0011580312895947901,1.952633777629274e-05
2023-07-03,0.004315926462135619,0.00230220297588046,0.010941502090101233,0.000997769300494861,0.009089690813267484,-0.009030840462683912,0.0016002114445451145,1.5974003969173074e-05,0.004520576713819186,0.010412381856535107,0.008366676319141914,-0.00357840802671259,0.003910376167549112,0.0016874931713827645,-0.0008194133389794005
2023-07-05,-0.0018738891056525949,-0.00489116404634669,-0.004978523617019823,-0.0071149706761728685,-0.0037475990644223757,-0.0017413127899488822,-0.006382038077536403,-0.008114967077558015,-0.02187268219380607,0.004179841791516671,0.012094882047201884,0.0004477035161722697,0.002575845036762008,0.0015366201459788983,-0.0034481675424801674
2023-07-06,-0.0037754787862821527,-0.011374452232273513,-0.00748664422195779,-0.01695726010592032,-0.009858867044073356,-0.008726017687474082,-0.009829715681897408,-0.0054210231102962735,-0.0076779623787035746,-0.006597175489074809,-0.01353386547585134,-0.00064022155274293,-0.003255969642615452,-0.002278661216616118,-0.0013964534734040293
2023-07-07,-0.004439873833416133,0.002905818456525944,-0.0020038665134856745,0.023341179018279132,0.007016393316223897,-0.005248140090151678,0.005864275721146994,-0.00016303371542569046,0.01073987899432189,-0.0027474733873993004,-0.0034060584135133837,-0.0012623389815254438,0.011222022415648753,-0.0030986583006658523,-0.002380539436201339
2023-07-10,-0.00345043988612371,0.017782476579429003,0.005892387918204423,0.0047974594207053495,0.003338048202276384,0.015216498368230942,0.014797348765244345,0.013271868960007167,-0.0027765940588619763,0.00682231308925148,0.0014561370305888352,0.0028291592356335864,0.004298622279919674,-0.001783875313213164,0.003992950921553019
2023-07-11,0.017711480925567655,0.010664977749214587,0.006039602352005509,0.02307643578004335,0.01511298115725386,0.004775845539951707,0.013399231879164766,0.004271059570189932,0.011387805438995473,0.012398171964981861,0.013428069933166578,-0.0031986791185020045,0.0032641932083416697,-0.0010802633670408091,0.000697955874636903
2023-07-12,0.0024187981656720375,0.00438484340847112,0.0069013677565768075,0.010621484069720695,0.0028730469311816637,0.004954298768445238,-0.001742600656635298,0.0008389029410645509,0.008255152553268221,0.00403367528682021,0.018911019824371638,0.0021876707240171215,-0.0009254038781872283,0.0001093549495845435,0.006042364345095544
2023-07-13,0.008434854139062375,-0.0037537155985502037,0.01081210470519692,0.0030776315900557607,0.011147425478470894,0.005639352052281547,0.0006032068909891291,0.01075790233222478,0.006324628502656484,0.007880982648947312,0.00929521872131289,0.0005016736156971174,0.0009080083087065601,0.0013056944277766256,0.005977507807910325
2023-07-14,-0.012302140930968404,-0.0039283104520465364,-0.003369878073608119,-0.02462116893440869,-0.01011192164713434,0.0046032820455953775,-0.005039349017737648,-0.010200780339836752,-0.004365685385019859,0.002139602795770433,-0.004691113454006319,0.0038188572424535795,-0.0007326696719917453,0.0023131257476871484,-0.0029436028324209274
2023-07-17,-0.007010474832364168,-0.002346360786494117,0.001009663509937959,0.0024350029915336142,0.008971155362751327,-0.0030920152445815313,0.0032543092465889814,0.012143162159292875,0.0003216555796924727,-0.003178502255005808,-0.008228918015395107,0.004826671608486517,0.0015036420235358284,-0.00022695632558103267,0.00015769890950584648
2023-07-18,0.007451457748688118,0.006025018856133826,0.0026961250221896526,0.014180626960460298,0.014326673171113453,0.0039832146164279795,0.008190612367825187,0.0021293650883039924,0.01035305594978753,-0.0033860941078552543,-0.002110522042340017,-0.0005818767601338513,0.004434811674747282,0.0009491700271040246,-0.0004184872291224975
2023-07-19,-0.0054902284367231305,0.008208113592012779,0.011832478829361719,-0.009043682565860545,0.007091138763208015,0.004195714909352835,0.007135612401953968,-0.0014505960005233496,-0.003969043959802455,0.012471908116416398,0.015098337596067709,-0.008251431561648372,0.015613559315155639,0.0006334828454352649,-0.006559054202696653
2023-07-20,-0.004241126988235722,-0.010975708738132204,-0.004812239177816941,0.011817037273127638,0.007201938063707314,0.003343950646600548,-0.0015632509106308305,-0.014209296317298005,-0.000520192961521051,-0.005345146084500445,0.006013220178984796,-0.0012618871879531606,-0.007298882184581255,-0.0017170877799005477,-0.0058369927919236135
2023-07-21,-0.0066949816554112964,0.004492503627747019,-0.0007802714762243818,0.008913913670484762,-0.004489914315249903,0.007004210347734306,-0.00305825493597246,0.005230755133369395,-0.0004587723361340686,0.00267157997914958,0.011496074787187501,-0.0013453444219687926,-0.003389272911730999,0.0005695286144699397,0.0011079478454384458
2023-07-24,-0.0015771672185682605,0.004225837036829001,0.0017137783753132065,0.014060141317576493,0.006515093821095428,-0.004817633460201435,0.0024007495334306813,-0.000464929336747218,0.0041243968830648224,0.004732563353242764,-0.0037901580029729024,-0.002198634588265653,-0.00015936377759802022,0.0015826295587994003,-0.0003053107847940506
2023-07-25,0.001330277911047721,0.0009907282925689842,0.0007107409788605861,0.007056432322406208,-0.006324231450806098,0.0010136787402067029,-0.0018005841857954747,0.011392571134990205,0.018490672724898388,-0.007925368787742448,0.00294180779160977,0.0024925059811181723,-0.0014833985753897178,-0.0006686895801996314,0.0008062101882601647
2023-07-26,0.005318969793195544,0.0057371540651952905,0.0012678094571536528,0.0013567441912521203,0.006489469194818694,-0.0018781487484680595,0.005463880402089672,-0.00696393908863057,-0.0021343609293560314,-0.00031347331672181494,0.0011838608515036863,-0.005092283863829656,2.385008352957536e-06,0.0006315204215101921,0.0016828722701557877
2023-07-27,-0.0007409182734105765,-0.010403880439897118,-0.0042164467766991846,-0.006052123025636225,-0.014290398172680824,-0.008417115587767312,-0.008159320645037485,0.00019953608552398337,-0.005092725232340543,-0.022082966869735234,-0.01737162964771455,0.002739249203179672,-0.005056784179701336,9.438724430479939e-06,0.004809905754173702
2023-07-28,0.006446562282352227,0.00600543969905248,0.015516638828695776,0.0054397382156389255,0.0040245904733870914,0.004175670565771931,0.008899676752354875,0.004340618671531746,0.0068597271908675695,0.004077490086669916,0.004170457451265824,0.0007020238338682693,0.00688860639553264,0.0012803858623573095,0.0009236468099675643
2023-07-31,0.006121042943494387,0.003146114966896509,-0.0010562147335283721,0.010364059965172688,0.0029542001910057656,-0.005898476658231724,0.004783553213582598,0.00748162650846316,0.005450056271678201,0.008432372135534803,0.0020310710322876155,0.0004278731742149286,0.003965524709948613,-0.0004899588022576791,-8.107204364123728e-05
2023-08-01,-0.0062250128798974885,-0.007403361120459614,-0.009540781075973344,-0.0049748729576727406,0.001086906525964411,-0.007551604222021808,0.0005435485767879111,0.0019258701909405514,-0.0037271742437913007,-0.0006757985888370478,-0.012147375328577034,0.0012722030085071628,0.0023451644542189414,0.0003919066988818171,-0.0041421237716511225
2023-08-02,-0.013237785517258113,-0.008493568130073199,-0.001588389740166571,-0.016602958159184864,-0.004104772004188948,-0.002155552941232793,-0.009128752920343427,-0.019676205326151896,-0.01069219878222214,-0.00424130203600915,-0.005157523535785218,0.001982365999331077,0.0018360934356913253,-0.005326319029393511,-0.006949027592451544
2023-08-03,-0.004531105714491757,-0.0046594079036955055,-0.0054481913773027375,0.015622614686988652,0.0020074506733774675,-0.007483263981251391,-0.00667894714758356,0.00477601063119433,-0.002281752430532273,-0.010532036190772039,-0.02339268072238455,0.0008888586733203114,0.002962429144120483,-0.002086883040953154,-0.004194259424643023
2023-08-04,0.006064551001388222,-0.0036147746589611715,-0.008592832496853404,0.005379431430457318,-0.005816994467807203,-0.004323272671070849,-0.004992753905238344,-0.006990179037326138,-0.002358406893277176,-0.009848385437455308,-0.014082123524059399,0.000570748489575445,-0.0024455495209700553,-0.0025907572606357642,0.0005311503537887848
2023-08-07,0.02357501598188628,0.011773754121431664,0.0049629930354457025,0.006092366802256544,0.010904819846927526,0.008513115191879486,0.008944322726509217,0.00871747559763635,0.004401517842132381,0.01231886447852026,-5.3516932454577e-05,0.0034370236086725156,-0.002586680854369375,-0.0017840116210732484,0.0010835001650541167
2023-08-08,0.0032211497395677547,-0.004618774983877814,-0.008839962915060756,0.007971921447909473,-0.010850361565245343,-0.0014099426758477055,-0.005290589394849484,-0.011044745964514565,-0.014913176548874446,-0.007333336865932256,0.002173165596058062,0.001172565736980341,-0.0031178048401069836,-0.0007645201524778305,0.0012910840172282274
2023-08-09,-0.0067779542674076985,-0.001970360330482472,-0.007517364250211976,0.014374043932944357,-0.006484442479204275,-0.0037855059018877114,-0.002032868834455363,-0.005899709314488159,-0.004143669120704308,-0.004074006738658082,-0.0058066975587167625,-0.004438551842800939,-0.004588075242744278,-0.0022277243493613033,-0.0030796184540501084
2023-08-10,0.0015174533208243558,-0.005567686333584525,-0.0042057724109166575,-0.003686289222617797,0.0014851281822105364,-0.002155550200914938,-0.0019600621580625048,0.006331972343786537,-0.0017551441513890917,-0.003629774493472663,-0.0036564419915647802,-0.001097197316664464,0.002538678103325262,0.0001147508480072795,-0.0028502339700357967
2023-08-11,-0.003687819346983781,-0.001660318397366604,-0.00516719548877805,0.013319179964498669,0.0013287005327306909,-0.0004281119860655738,0.002429751907468875,-0.00312384646826269,-0.0022319426867876625,-0.0012036655970231373,-0.0012936351894136389,-0.002864778387263793,0.002112461787607443,-0.001386661941692213,-0.005545638369090697
2023-08-14,0.002603804731222174,-0.0007050143282854234,-0.0024034247904754975,-0.0074227815413612916,-0.004441501286215504,0.003251825388409861,0.0005077424371521554,0.012741043170611333,0.0014535055705356353,-0.004061005046867024,-0.004300298159611372,0.004818824229510296,0.0006005700878799945,0.0011460586356696612,-0.00012176194519958615
2023-08-15,-0.007081000058359321,-0.009509369320604389,-0.01354203548103255,-0.018478785153935844,-0.018835286251304584,-0.007258526800494961,-0.012701820909249345,-0.011937160571167704,-0.01728852357787324,-0.012406619531045715,-0.01854664307046417,0.0011386870364815936,-0.0019257320760342328,-0.0004090172498206095,-0.0008792993132863301
2023-08-16,-0.01025581433592853,-0.005713549066020444,-0.009063121143669622,-0.00551528347269915,-0.0013031444126029006,-0.014545756973408019,-0.006874162707898856,-0.015777918108916048,-0.005134395538319672,-0.00965822008307785,0.0018017841495420325,0.00041695196324951204,-0.002710869626288916,0.001268134180159447,-0.003507278285719301
2023-08-17,-0.015165222211520517,-0.013410074414884267,-0.01164211429621772,0.011662559292347255,-0.006728386453678535,-0.012661106533529835,-0.010326003894424765,-0.009168015064964443,-0.0022187654849544704,-0.01037700345558948,-0.007184792079452073,-0.005594325563508588,-0.002859526426493607,0.001344651755062311,0.0020267007108908833
2023-08-18,-0.0007828098023760431,0.0019474361213579882,0.005127052843931623,0.006519645821971302,-4.816265520675164e-05,-0.0027290552074353855,0.0038040134380055157,0.0018274948936657534,0.0009327452375694476,0.003376830518858214,0.0049078598571942866,0.0007753790834820883,0.0031125284668427214,-0.0008698776777070523,-0.002017677626642752
2023-08-21,-0.0038634146421238683,-0.004999110687669984,-0.0065429182911622905,-0.006691742685759058,-0.00023752794136977024,0.002095908436554797,0.0010685544624130063,0.012760616236244589,-0.00022215962895741844,-0.004936117277495705,-0.0006369497536121695,0.0013480719737481229,0.0054020493968820705,0.00319576872165729,-0.002735677172591365
2023-08-22,0.0017774849516451004,0.00020624263550719822,-0.007352862351879752,-0.007648348639742683,-0.01126966989731076,-0.001777432563164296,-0.002524843173661366,-0.00031196097321202764,-0.0012335633547252585,0.0015997211092618506,0.001226857008384211,0.0013180414507907238,-0.0014433907710818838,-0.0008358506209601889,2.0926122894527304e-05
2023-08-23,0.012293844066601433,0.006977446399997973,0.010108897657267635,-0.004232129033414096,0.01085548911782157,0.005689073863448889,0.01037191330386909,0.01304017939268309,0.0010096890338696957,0.018039524169307194,0.009133950332136676,0.002847384199899656,0.0003898568818270825,0.00018390130882516283,0.004444642825716101
2023-08-24,-0.014429890525966318,-0.014202539447752583,-0.013853562876544375,-0.0026142921248816825,-0.002539959977844687,-0.008899748622339772,-0.011694422480734669,-0.019528376982266293,-0.0055139488530428285,-0.007871403299515892,-0.012089432367168775,-0.0021805006476453078,-0.004674096016363547,-0.0019414360063404062,-0.0010621997489953796
2023-08-25,-0.0006956841766506079,0.004107231822643196,0.007677974886686408,0.008684762771480796,0.0014776827011747107,0.005974366978791958,0.008051265552064459,0.008827978397498088,0.00273751262151988,0.0023078918665530032,0.009628674909315392,0.00031983270046659395,0.0008002550913460264,0.0009912163267304943,0.0012986717619750962
2023-08-28,0.010798338213974383,0.007863920913777188,0.009278872444320359,0.005566659952548,0.005337084875609292,0.007012281037920721,0.00838785182035746,0.007904962879543391,0.006483038232794596,0.007256685313301022,0.001055536701512191,-0.0006976737620579614,0.001607231866413113,-0.0007651147082025151,0.0020562137469125196
2023-08-29,0.014168895064013847,0.012310137093022422,0.013528468428600544,0.002170398839731987,0.010700870725658103,0.01560106510802809,0.010461214523011242,0.011448535651932283,0.01723855000750885,0.012976370394899349,0.01098072690071565,0.0012015253393812771,0.0023298174343121883,0.001856716754635783,0.005711618133677828
2023-08-30,-0.001018956296075903,0.003916956904808695,0.0015885399516247436,0.0029360968259595074,0.0011786768817999664,0.001730807119527707,0.005304732092176579,0.00590110502164918,0.0018466084137287813,0.005217467932218776,-0.0019566766530952047,0.0005991149095758393,0.0035081891211332585,0.00018007787198607883,-0.001846944629130664
2023-08-31,-0.006542203954928919,-0.002222861160735158,-0.006717454875482127,-0.0011576391773044366,-0.0025258861151484864,-0.011362816209977415,-0.0035056306167922354,0.007958937851187899,-0.0005126580748412453,-0.007215838159390892,-0.008250079687361923,0.00021148096403334334,-0.0010407456241320202,-3.616029125051229e-05,0.003257235590726674
2023-09-01,-0.014737173248444311,0.005138867886204267,-0.011068324439354484,0.019895483334304707,0.007734668523267317,0.003213153589929422,0.0043714602616971125,0.008165451974751214,0.009993331291312062,-0.00013770938759886074,-0.005135755661659447,0.002235624585101783,-0.0008858449861409943,-0.0007247665674126012,0.0002138673487825846
2023-09-05,-0.0055896411470342565,-0.01259781804877276,-0.009529559623054129,-0.0017539491094644962,-0.008768632209318103,-0.017223619346398687,-0.01825709308869986,-0.004223434791193097,-0.015504494221752303,-0.006373017442396737,-0.014318754323515995,-0.0013265353544213445,0.0015752149992979624,0.004297747690330871,-0.0017076986845449814
2023-09-06,0.0002346390027450454,-0.005351330984846168,-0.003573094313217479,-0.004433392056376586,-0.003817444623790645,-0.000995200528437694,-0.004079171681009335,-0.0021642226157332933,-0.007733599877871539,0.0008936231744856955,0.0050494422755795855,0.0034103176237290545,-0.0001768012058344143,-0.0017308677353624399,-1.5551377528398748e-05
2023-09-07,-0.00613820672476093,-0.004117597679437524,-0.002835665136130993,-0.002605309282213367,-0.0004161491296116858,-0.006902592310180618,-0.004283606206158453,-0.012986000094595766,-0.005669517092887743,0.0057435957092263346,0.01124988753254064,0.0026865779777658833,-0.0006187740674546431,0.0025195687048315115,-0.005061663216194616
2023-09-08,0.004976758666441957,0.0015470971505753708,0.0012575613594940469,0.00746466683946304,0.0051712435252318795,-0.007968167531210463,-0.003623420793873267,0.0011494727580617227,0.003757523614268467,-0.004147355587809321,0.009052642927458419,0.0007836365515372149,0.002839844407178709,0.0003343577432887415,-0.0044638470691579345
2023-09-11,0.009663952249059004,0.003618566575847275,0.004851008803521651,-0.015570772759140795,0.004833455718532399,0.00675516630213287,0.0034088851601170277,-0.0015851628486266939,0.0018476531780252706,0.0019960602880759247,0.0035879970562073104,0.0004902361704939217,0.003470573686992968,0.002302946143599497,-0.0009082969118702837
2023-09-12,-0.003995234794459951,-0.0012305356702430389,-0.006731109730593045,0.0243849644363962,0.008331185513728447,-0.006848903109891201,-0.005308139331170923,-0.012123640991280426,-0.002877364350730094,-0.0005904940574690823,-0.003362570417128129,-0.0027733181286552474,0.00019287275913594548,-0.0014352399512894316,-0.0018962738827795688
2023-09-13,-0.002976024434023522,-0.004160058907793318,-0.0055285267539385485,-0.009160325798629852,-0.004390761599188374,-0.00015726806622585064,-0.006597393641432627,0.0007767636110088543,-0.005840303543678158,-0.01231117907669459,0.008541949451473897,-0.0014867119493529824,-0.002292843270185269,0.0022260167671199734,-0.0013526627383098442
2023-09-14,0.014142579323565533,0.01348153070182391,0.012321881623261038,0.009680021346833646,0.01135772443398517,0.0036297960202341783,0.01034889130512159,0.008446241009408252,0.01698685390687112,0.01631254278261337,0.014184996519904937,-0.0013311609873839897,0.006171871635773125,-0.00218425786464707,-0.00162771117788091
2023-09-15,-0.0060019947792312334,-0.010784685012942802,-0.010051824973556512,-0.01135996166787184,-0.006782387117097102,-0.006231868822959411,-0.005806313872859891,-0.0160248765097506,-0.013860761117067466,-0.008800280867685643,-0.00942043618854404,-0.004168448775469644,-0.004060043504304329,-0.0010736476279101588,0.0008931372020881285
2023-09-18,-0.003891448053793905,-0.005518266209068799,-0.004023733520091749,0.005628428706547071,0.001047642270597953,-0.005836768887290447,-0.001186475155955876,0.004998166846526415,-0.00406983717860034,-0.008169053829331393,0.0006726142776754342,0.0033590055650357426,-0.0008571519084805272,-0.0005797409086628373,-0.002387318317954149
2023-09-19,0.0024465261693628845,-0.002224077675770212,-0.007496017068490194,-0.009137523160867822,0.00035546388408071774,0.00012954768313678947,-0.004036338587860847,-0.0005424774280863385,-0.0006140621656742837,-0.0047621027159685594,-0.008407657247987296,0.0005108340849047443,-0.003615500515969991,-0.0008884203569646103,-0.0012520200735046119
2023-09-20,-0.010263791572863971,-0.0023480707558737983,-0.006078551863508264,-0.006834716960551405,-0.003941879390864432,-0.0057454179235467626,-0.005930909691474075,-0.0033068245479718084,-0.003124710018715399,7.370860036576221e-06,-0.005789902105980168,-0.0010290946893307521,-0.0017948033628159739,-0.0017939302802162096,-0.0051007553488363385
2023-09-21,-0.01662189462102793,-0.02053145205697214,-0.015090005979622987,-0.012882276837385421,-0.01746711004492045,-0.015892472480943196,-0.01706470265740036,-0.016367875650068153,-0.018380904826779305,-0.03577215455148434,-0.014531360208928196,-0.002003548808957476,-0.0016803073685381707,-0.00020924438644405515,-0.0024690889516558955
2023-09-22,-0.008176550392620295,-0.005664698206746173,-0.009431877634374693,-0.0002661309861443461,-0.005371457176927261,-0.0025994544765314273,-0.003387272860255728,0.004705722761430431,-0.00152987970967831,-0.007381454107569845,-0.0034769381703356832,0.002371651038941259,-0.0037315059931951754,0.00010475782598756852,0.0017587660851390823
2023-09-25,-0.002671190605051717,0.000363947893160974,-0.002509949488860847,0.012185831749985917,0.003150339290470682,0.0070417222970380125,0.003890644417179855,0.0010914780015725796,0.00968017977210794,-0.0015497090475508608,0.00022208089890586211,0.0008392860225653842,-0.0022806718134020837,0.000725713455152179,0.0029180065349901224
2023-09-26,-0.014080483772047205,-0.011534418781487914,-0.011181100373960287,-0.008672303863227558,-0.013670767593123941,-0.010451086435937371,-0.015211874709398804,-0.015333406460220774,-0.013249918435651188,-0.015682906112781475,-0.031901722040784376,0.0003956047205538386,0.0032819057910390003,3.0975096759141417e-06,-0.0050709913797801825
2023-09-27,0.0028366178086681416,2.806508896039013e-05,-0.004763288311446863,0.021128430857455315,-0.0028521359272752306,-0.0015688424788538335,0.009443960321321335,0.0033018835493264565,0.0010505790019291682,-0.00533266560457933,-0.0064227327673477665,0.0023016555217086994,0.003538221766408096,-0.001054455330332666,0.0009664466529587678
2023-09-28,0.01128109298738039,0.011694766116505013,0.007258686403821156,0.005924385999450575,0.007791742559205834,0.00928591589957402,0.005136618007840004,0.01334018259272954,0.010242268273993063,0.00719048691188574,-0.015804374673492657,0.001492497743466714,0.00031479602937218134,-0.0014123704637575296,0.003280805626785759
2023-09-29,-0.000484700474686561,0.0006923443111075669,6.546907328812814e-05,-0.02228487062890418,-0.006962648272889656,-0.006063880861132037,-0.003928306428815648,0.0014742884799755795,-0.002839243574313422,3.332237509779919e-05,0.0028444751411159336,-0.0032203089420745146,0.0012816435434118997,0.0007720752203599056,0.0015215901935277407
2023-10-02,-0.0045844542548516744,-0.007234127626439346,-0.015153647591726138,-0.026261787985996734,-0.008755614747955043,-0.008800303519507939,-0.010892081131246649,0.0018749749387414712,-0.012146621264934704,-0.013160991563960889,-0.04239731578420986,0.004091916425205716,0.0003634006089248386,0.002298432394086689,-0.004072145999961396
2023-10-03,-0.01747543440947694,-0.022120971692868273,-0.015943906585208594,-0.0008241638943107921,-0.017304190338993226,-0.013112183876360128,-0.009260407598313541,-0.014557388120226288,-0.006781707412215268,-0.020960285323306224,0.0046878945460255,-0.0017619130286413269,-0.0026993853846070124,0.0002441797224940012,-0.004159524791390372
2023-10-04,0.005628131806674876,0.006861346567783198,0.010321196879872013,-0.030635794666283005,0.010789607524889595,0.006297311962931386,0.004389677351715829,0.0081989441179269,0.010842996336929584,0.014118567667661636,0.005459071774975593,0.004330309940218235,-0.0021317766759461417,0.00044385415161560493,0.002029992706806667
2023-10-05,-0.00023207513253419753,-0.008819964380311157,-0.022351466648932235,0.0012394772265608657,0.006522142566168426,-0.0012947367800883998,-0.006670436972513054,-0.004654462550716203,-0.00762713179351821,0.007161866938717319,-0.0027471683336786562,0.0017915364789063482,-0.001024500920796381,0.00018731387519880363,-0.0013690178408624157
2023-10-06,0.0091216878188732,0.004158425997053749,0.00027233930871081377,0.011152780423135748,0.00893371957226179,0.009564887406261394,0.011972376565751728,0.011966834247059499,0.007222851984996613,0.004828068831978856,0.018106423660580642,0.0026109065700221797,0.001333129091611056,0.0017896570373704358,0.0033559862507303692
2023-10-09,0.012456065437729194,0.006683999577585064,-0.001961908986477694,0.03345629185750829,0.0024879592618861192,-0.0007771229976505337,0.015054523063102763,0.006375377253421279,0.006155412868390911,0.014193694941590892,0.009302412463016971,-0.0014427629138639361,0.0033977736114292204,-0.0006712587874203392,-0.005372828085655162
2023-10-10,0.006718030706771495,0.007969392330956544,0.014103654824068633,0.002313382307705786,0.006153646077994494,0.011637741434589304,0.006871088971628007,0.0059081110276220416,0.008941999595725093,0.00376622569038077,0.014022326524094636,-0.0004669659090964204,0.0013472829675338378,0.0003831778050424938,0.003481003573363644
2023-10-11,0.0018936460664335819,-0.0012883898323610438,-0.006838334614729323,-6.826721507804323e-05,0.0012601631688110037,-0.015255801146906682,0.0055246378810003965,0.006947662428869741,0.0033481344949909397,0.018451108037285908,0.016934040631500297,0.002250996981904082,-0.005024361534319847,0.0009154433921269017,0.0036457707865733915
2023-10-12,-0.010656758548083603,-0.017083103824488355,-0.02613523312574418,0.0003018588783374723,-0.009975224315876765,-0.02139672587306547,-0.012145201710890414,-0.006130295020439173,-0.014867158131465023,-0.011274012492736529,-0.01881869541799928,0.0007425471262267717,-0.004093644989096845,0.0031263501771979225,-0.0024539653276524553
2023-10-13,-0.007761935083187112,-0.005996113103244841,0.001429554953261277,0.016071940473555035,-0.00018499145427165246,0.0007863087883267257,-0.009563713867292883,-0.010174859789502232,-0.0024322441284875015,-0.003157655407301627,0.0005920603052570603,-0.003747167616904676,0.002718628418231563,-0.0003503606691497864,-0.009273945486385222
2023-10-16,0.01575749551658865,0.016369542998876458,0.012189052093137392,0.010595510591834964,0.013915084474029563,0.007509252973395048,0.012440721048234073,0.01396533548863391,0.00934991097387336,0.009179005476813122,0.012506044627268339,-0.0010375663779843333,0.0010724333568326594,-0.0006259754772244459,0.0008177252065683526
2023-10-17,0.0025968702635217975,0.005527507855394903,0.00860743782782733,0.008566739624987064,0.010132038479281253,0.0020457736701504055,0.0039043639028099528,0.0005845954192926414,0.00988122713774762,-0.0009062408540966019,-0.0004152933124973115,-0.0002009256643131006,0.0012318295505220538,-0.0017574773518258125,0.0005978847846696203
2023-10-18,-0.01714612101832669,-0.016406398312597978,-0.013064498573057925,0.004299994578764917,-0.016909137548298574,-0.014715017151140077,-0.029866521270559214,-0.009551357255894542,-0.02440598234972751,-0.01922904690188907,-0.01567334656090232,-0.0006071268597366602,0.001096194856020179,-4.172324793233073e-05,-0.010179055661714887
2023-10-19,-0.0025637020455409427,-0.015104466922992511,-0.009708182289378987,-0.003940717943368298,-0.015381533141488433,-0.00790345232638439,-0.011033027190343105,-0.012692283011491352,-0.012689262867899554,-0.02248316426677068,-0.011670076155950638,-0.0008336211133512977,-0.0015951117474784276,0.0011625405501592455,-0.0011082195368171536
2023-10-20,-0.005269440269323092,-0.009411507201083387,-0.006036284730423233,-0.017018500788460265,-0.019429300660695904,-0.00494077359317156,-0.011478956957281452,-0.017862956008991557,-0.014896741250301817,-0.008423369953451387,-0.011692224893205207,0.0004181916127091332,-0.0031502433776484148,-0.0004549959690179365,0.0003899866237928529
2023-10-23,-0.004070276579557159,0.00022704233231260126,-0.0012884484256226153,-0.013709540117970249,-0.006191340972348545,-0.0037630246710173617,-0.004572719165617462,-0.009320330509976835,-0.012125380088461092,-0.0052994364427834265,-0.0031915645844964083,0.0034256137826909248,0.0022620445752910296,0.0015947134210703299,0.0006757609365952461
2023-10-24,0.0113311763354885,0.005470961052154439,0.00464692100574455,-0.013454318892188693,0.010611260353367399,-0.0018390483181478087,0.0039316410452853254,0.010049748449328186,0.015971153783853716,0.017032971929774845,0.022764022121464333,0.0015759075616418605,0.0048386623984898475,0.0008655576623018282,-0.004644445831091663
2023-10-25,-0.027517002881478934,-0.0070612002037472215,-0.006459720344544791,-0.0013558085091696166,-0.004579932098143152,-0.023051990269846185,-0.012193686185795412,-0.018086070408727888,-0.01166037794755709,-0.022331175553827007,-0.008552639264585382,-0.002854107080127804,-0.0009616068752468752,-0.0010639205858982888,-0.010613530863098457
2023-10-26,-0.010596930696826582,-0.008045698683197466,-0.005311468504946724,-0.00023491708277216834,0.0036130717748518826,-0.01338460811343802,0.0014149130222061883,-0.004112164259174329,0.002884168632413878,0.007425206852582961,0.0016804044471934627,-0.003849849286706544,-0.005151282166810594,-0.00298091218819931,0.0020023224522624115
2023-10-27,-0.01307609606649116,-0.005779632566199896,-0.012885462049247946,-0.01762950737441978,-0.020199668441680186,-0.013154233202084958,-0.007036799492322405,-0.0018454526629631347,0.0004755122737138483,-0.014236312135648589,-0.01454119389072177,0.005155895856745247,0.0009992785447188548,0.0008215391899706969,-0.001207324192598599
2023-10-30,0.01915371800828256,0.01169511037406392,0.010075134763594657,-0.0018261759629128814,0.016350485243356118,-0.004705897883931916,0.011939492450556524,0.0025591749511419525,0.0065149788090079494,0.004640514896604918,0.005176714400471604,0.0009879519716528699,-0.0011637338399490093,0.0007336816670433889,-0.001597454724013425
2023-10-31,0.010255674998469497,0.007727656092069348,0.003410776115477341,0.00537966130924206,0.009304982215956185,0.008257455938841217,0.009812307511613104,0.013142814590979626,0.004074142960102782,0.016950108233834926,0.004646464593002345,-0.0016749564802179065,0.0012579589071620237,0.0002343828570856695,-0.0015981184937260318
2023-11-01,0.005693135005879043,7.675401307742288e-05,-0.0031670608684659556,-0.0014314006669870097,0.010364092309794543,0.0038130228020030505,0.005771053642171198,0.004093927356707837,0.0018644084635869205,0.008677586017731352,0.018954252921343222,0.00756718122229421,0.00021084805918236926,0.0021382551795845334,-0.0011026244680255256
2023-11-02,0.026021326544048685,0.021401195816962128,0.02682476029171235,0.026593203858101017,0.022381132502952643,0.02111994688725085,0.023848817973061213,0.01794149062715675,0.016691985077374592,0.025530654274687335,0.024170579239352362,-0.005041814037193332,0.0017758398092151961,0.0008980912787640103,0.01036511486061596
2023-11-03,0.026173753946591983,0.026057615480571318,0.011866170499341877,-0.004485700955773383,0.013391676118236403,0.025172691436730375,0.01233681962172608,0.019878864638287964,0.01407371574417443,0.019539349829071993,0.01192886292605982,-0.003660228971078944,0.0013690704963681076,-0.0035045145934106798,0.008427423402905442
2023-11-06,-0.030767466285068476,-0.005175063305400938,-0.004940246391060817,-0.017092206958603248,-0.0027157067713510174,-0.002949381468324451,-0.004504747884076233,-0.003254899473893449,-0.006018177961298821,-0.008560266446378445,-0.0023572510500228334,0.0036644683704652264,0.0001426754259771102,0.005140351694661381,-0.004760427398421712
2023-11-07,0.0005522354054155208,0.005827218541719085,0.004575157650526265,-0.028058395731344263,-0.0009502997354174006,0.001006690455948032,0.00037226778056058315,0.007082673222961053,-0.012626391327415986,-0.009633280681563008,-0.0034880044562499357,-5.42480598987614e-05,0.0033931263710632324,0.0015259404220810983,0.0004883088274688624
2023-11-08,-0.011631491559769745,-0.00346987453549155,-0.004354179500597067,-0.013956089895136647,-0.0008262888379439233,-0.005676879669536405,0.001572851641635663,0.002674326359686676,0.0015581437970724982,0.008263144846589071,-0.006251071276361243,0.0029524291543394235,-0.0018251796336307944,0.0007454926653876231,-0.0008426286507142029
2023-11-09,-0.000707986107852107,-0.012513296570376465,-0.007745790484310706,-0.003771445385715553,-0.0038662998040001413,-0.024719257006104806,-0.005389894104640934,-0.0064421777324178186,-0.008058386400034413,-0.01592302985502432,-0.012944795973680803,0.003443020082918161,-0.0027146920352544386,0.0001017952967225464,-0.003948468395056476
2023-11-10,-0.0028662816601025608,0.009897764600864698,0.009288456847206765,0.011043475322923735,0.010277590626808917,0.01090147988233091,0.012949362461686636,0.02168739921122505,0.008471154205604922,0.011999976616986851,0.007452180061846441,0.0025715175608480804,-0.004530645683050002,0.002239646282703317,0.005173409601653156
2023-11-13,-0.00585424620577439,-0.0002334927620052979,-0.0030052971745509398,0.004924846202420907,0.0007643937447529259,0.002832449129561894,0.0012076802959327508,-0.00334930952343523,-0.0011777803423677134,-0.007649014777694509,-0.012937760713068788,0.0003592068062360439,0.0023856332649414905,0.0011683376865244675,-0.004546629636250319
2023-11-14,0.01751122336541405,0.03467446837009247,0.030037905957812555,0.012099114367641741,0.01764849320929053,0.027064376992058964,0.026660973480083224,0.02652767068859412,0.029061323761173773,0.048247040750947684,0.0484992782823295,-0.004180652856524473,0.00175547497516581,-0.0018563805090259593,0.013990351537992685
2023-11-15,0.005962143973848823,0.0072809120619514445,0.012013840727560496,-0.0009565764004849298,-0.001007647246152914,0.010142597151164253,0.0024360236764585336,0.0037699471926537654,0.0038963746853513054,-0.00637332148759633,0.0010476255121541315,-0.00772000862764382,-0.0028992976137148757,0.00223302639352421,0.009464151021760379
2023-11-16,-0.0027735253995955166,-0.007086399093768058,-0.010292849129374218,-0.02602920758797263,0.0005812808491853158,0.0013285895266970146,-0.002419432267517695,-0.004198410053831687,-0.0014931143392787505,-0.0026356084261402652,0.002824608279934906,0.0018935008373272423,-0.003155153694438219,0.0018841245732277908,-0.0016885366397793474
2023-11-17,0.007205146986267132,0.006346297963889195,0.00444720174110002,0.019661459560568702,0.006011188392330822,0.0018824965225480129,0.006279284677767768,0.004987855164929918,0.0014219909726709997,-0.0033255815636493804,0.0038233755940266356,-0.0007351568674836888,0.00014330608961494773,-0.0013460033219349708,0.0034996817834612943
2023-11-20,0.00827671930469992,0.0008877653253623876,0.0019228528441224014,0.0014766062869917506,0.0045568017208074815,0.008273984116218186,0.0032481382947934178,0.007772338759003146,-0.00020281652852133624,0.010332232737492782,0.00017754961452464668,0.0017250838536921871,0.004666163731563921,0.0011766679409939448,-0.0009995659586670917
2023-11-21,-0.0013996728261172738,-0.002616445761372586,-0.003997589437200099,-0.00200306633508616,-0.0006924856995926718,0.0031655996430831244,-0.0028413474683292566,-0.004245680772266363,0.0034882364299134347,-0.006327070192611333,-0.006026307199087447,-4.636803886002078e-05,-0.0022949619366767777,-0.0003405256670371536,-0.004378972673309336
2023-11-22,0.006380689554262062,0.006142504553736536,0.008622119964136267,3.3832796243581853e-06,0.005460591154086281,0.006742746343742192,0.0027520404093872523,0.004237823131125705,0.0021079825840868735,0.003912616856273921,0.006275944557466097,8.532306554168945e-06,0.000672445856221183,-0.0009422486674799883,-4.469624697251628e-05
2023-11-24,0.0016655251791729486,0.0018722581315133654,0.002601990922321921,0.004315279672243123,0.005259306747255195,0.004747293413734993,0.0035206108720447645,0.00203599751523984,0.003176255565783518,0.002804754979641947,0.002007459025709101,-0.0011944297355038491,0.001146185356300981,-0.0005507385531808982,-0.000551759794957245
2023-11-27,-0.0022986099275065113,-0.0013816255471610134,-0.005256205006779633,-0.004137891162848544,-0.0007950869198479404,-0.006290195965437548,-0.004223134077227994,-0.0012097919239006435,9.390164619653811e-05,0.004204657410594227,0.0018696442219695126,0.0022963872497892036,0.0013222438998367302,-0.0003469394372649573,-0.0014386024510075932
2023-11-28,-0.009053688466336465,-0.0012118070472906099,0.0038687654704338565,-0.0029960363915530856,-0.0004627161175760699,-0.005413915978964068,-0.0031315428187558823,-0.0019672556703945444,0.0024970432361932026,0.005931417443462888,0.005472648534159811,-0.004257851982001432,0.0008114927395418205,0.0038553359376655473,0.002400417644688485
2023-11-29,0.0021335769382208234,0.0017318855124005476,-0.0034093410430589555,-0.0009813195343775748,0.006873453081224981,0.0032482934914262393,0.0039198255552784994,0.01271868972293273,0.0046780774156457905,0.0003256333994920588,-0.005618378902408116,-0.003820776311493723,-0.0007283552210512131,-0.0006139964089731726,0.006042605712124558
2023-11-30,0.0002687590115676358,0.0060701710701405835,0.005536236340658983,0.008822369387180113,0.011387818971034209,0.007080476707655053,0.009483946331324811,0.005559694423630631,0.009257196486833104,0.006731261946986081,0.0010021540394479027,0.000855460884788802,-0.0020659222214453785,-0.00191498498457888,-0.0026802156648699682
2023-12-01,0.014088132662226176,0.027027019639112453,0.016258172386595875,0.008364668813426557,0.010259940826478945,0.014036481533608468,0.01817854702912925,0.00738115724209251,0.011718021746288158,0.02125083813109951,0.01963303239051997,-0.004924565185136519,0.0037446776381153584,-0.002879840704389876,0.0065212773675976275
2023-12-04,-0.007204358104422275,0.006992790195704623,0.005045108103236741,-0.011811175777370217,0.0022392989350815936,0.002942325396362346,0.0034317395443440517,-0.008083235009113787,-0.013455186223957355,0.0054265141337904955,-0.0020242818777373222,-0.002295317520299977,0.003514286934611172,-0.002365062625088919,-0.00030805977405983637
2023-12-05,-0.014638868400914126,-0.00909729683670821,-0.009985359430322605,-0.021139616325896404,-0.0032127851105241013,-0.007667212938910297,-0.008702745776195075,-0.007774886999824642,-0.014222405340720359,-0.0026274951988076102,-0.007705797114374415,0.0022213282717105406,-0.000409679613715213,0.0028255022962723466,-0.002253268006757198
2023-12-06,0.0029087560080039965,0.010474803633301295,0.001772618423818903,-0.020481880917880217,-0.0064749541444931065,0.0033490999414263587,0.005385202301040004,-0.003231972238449252,-0.0007214922470275006,-0.007049690767026155,0.007345854825743604,-0.005089320133915227,-0.004397617657538692,-0.0006613132538357202,0.004249232277182887
2023-12-07,0.011633836459986087,0.005727175311687255,0.009016876355366731,-0.003912471005920665,0.0023854579035133827,0.004218577363923167,0.0032805012977899332,0.011158354035755496,0.010566021730258219,0.0011034374835240648,0.002184097281288333,-0.0008135659137387142,0.0008535876210258579,0.0007071209661996958,0.00362801384343795
2023-12-08,0.010064042758746252,0.002548312663920655,-0.0010645356256725567,0.01203217302780892,0.00689585996486619,0.004822757577317874,0.0035250192824468687,0.003028783206268954,0.001970953515251019,0.0006156715308911331,0.0026171746710707106,0.0027499402894652957,0.0031659761128976747,-0.00016364866034387855,0.002970750045482418
2023-12-11,0.00037503047890070446,0.011266584372964752,0.007412584024619475,0.0022853487801878978,0.005753690911884016,0.010706144939311619,0.007626934270473517,0.019074894450602172,0.003881018239229831,0.0007326419064014806,0.0038068517026712983,0.0006077752132054408,-0.0048935895022718555,-0.0008562115161430496,0.00142602790198563
2023-12-12,-0.0043812850983821795,-0.0005999392333773013,0.0022336927790074365,-0.011559148013796084,0.00725590488090006,0.007970655265030066,0.004301352881846691,0.0002503179458817479,-0.0036912683276355512,0.000545875710885602,-0.0034136628344271333,0.004216583847095052,-0.002392177666607249,0.00017321137903734154,-0.00025029135075676926
2023-12-13,0.014489984891369235,0.017104829242179174,0.0282328375947045,0.014248815460666118,0.015384372675177005,0.028289654036031543,0.010970328426152946,0.01137761179408603,0.022086646120413642,0.03443215673981482,0.04072370027645252,-0.004195288326785695,0.0035684590535307787,-0.000786191760319198,0.007136162327889962
2023-12-14,0.019045567227377738,0.016494363337509553,0.007497566609724812,0.027810642501435324,0.0013972349228888565,0.018224538639803223,0.014355996852792721,0.013611822356468607,0.008691716847448527,0.0156608287143483,-0.004466639733727861,-0.00875694129240244,-0.0028065925685816107,-0.0006763509395345261,0.02329426865537155
2023-12-15,-0.009056972110427977,-0.008242719103433417,-0.0069095853234048136,-0.005445035028182342,-0.0059686368786267775,-0.009374766309813631,-0.0045943995368563735,0.0009077613609307146,-0.0002974226770168513,-0.012275773384826721,-0.015309974950335764,0.0020906011364934256,0.0013787743106804253,0.002542801185784008,-0.0009642896126278927
2023-12-18,-0.0006931474259862484,0.003630790832321734,0.0022870491274731325,0.008992029382716572,0.00435404365087023,-0.0010149877569070515,0.0011050536232363336,-0.001174244865110138,0.0022626563869980005,0.0030515844386809305,-0.0036799025312928735,0.003991019892162377,0.005903812265781985,-0.0007586837758057214,-0.007311638135450493
2023-12-19,0.010923044824030781,0.009677983124915248,0.009376661067677858,0.009094727766161218,0.008511855801442798,0.011329906551675581,0.008539314695332463,0.003234808929818099,0.009470781277204156,0.005301058516098975,0.009489887982492652,-0.001870418911158953,0.005092335559914519,-5.426747673666639e-05,0.001329361589267932
2023-12-20,-0.013439405836600228,-0.017129575427752702,-0.024388894706589764,-0.008310904645639784,-0.018305995811996784,-0.016816217059665333,-0.015726497852320817,-0.016538040125118926,-0.016210959535318814,-0.013674652662129676,-0.02256139371008064,9.319627779713238e-05,-0.002957756856748208,-0.0006649734789126297,-0.002488661382201927
2023-12-21,0.005848724168423901,0.015038207158683321,0.010574050723188056,0.006328277155495791,0.00955219824200662,0.01743049091434976,0.011447582762018292,0.014531172491511698,0.01011714863963701,0.008876625165626331,0.0056174209543828355,-0.000469739257355164,0.0025286254523533896,3.7128714241128895e-05,0.0021559193900228184
2023-12-22,-0.0005849257609019083,-0.004073492314542584,0.0037214492015097992,0.0013879009996404213,0.003604371970897409,0.0039597627499631475,0.005096241588839916,0.004145807297293463,0.0053116205833506165,0.0013384452042380893,0.0023843983592679915,-0.0020419091909098116,-0.0024057083606487638,-3.3367968515559914e-05,0.0007301499043712733
2023-12-26,0.007359418858943082,0.0010763226971911987,0.005500124335868462,0.011821072002430176,0.0034931428227952988,0.005287347554178401,0.0059803924063832345,0.008720793919204729,0.00415293051893666,0.006238949423453863,0.007253761068970602,-0.001736775773484307,-0.0011269769614644443,3.5176835504624135e-05,0.0027336384593905135
2023-12-27,0.000689775613804197,0.000322361285679379,0.0031664956264492185,-0.005275387073199241,0.004051400108848392,0.003592157938778482,0.0015522039661050712,-0.0018090489870120987,0.0014942439995765918,0.005083646891751229,-0.0002619914035708728,0.0008114087976105792,0.001581609455798305,0.00028481526275218644,-0.0001873489767107964
2023-12-28,0.006857742738880312,0.001758073386514918,0.00182888284603673,-0.014072758221926078,0.003597316394802644,0.0011770526220474856,0.00033079406071962467,0.0012172058065730645,-0.004838171653419961,0.004925136036936824,0.006267302625811515,-0.0006302898274067731,0.0008320976650269392,-0.001110289391816236,-0.0010822471063483539
2023-12-29,-0.0019406767130505308,-0.0011964131235444766,-0.0036896416039845377,-0.003568042390384322,-0.003614150635970034,-0.004291171024059746,-0.0028033083348083993,-0.003732870514790692,-0.004422904770303325,-0.012310002171066996,-0.0051427280260836275,4.934764502503122e-05,-0.0018941451494805463,-0.0006867627078284103,-0.004165205364392607
2024-01-02,-0.0024346299221514565,-0.005398096893130201,0.002262154383704161,0.0035983570695930956,0.001655121763746401,0.003722403463645081,-0.007754505519297261,-0.01553056661463396,0.0008272021521150051,0.009612912751582988,0.005300316970107211,-0.007858099028712142,0.0013755414770442432,-4.946045811729704e-05,-0.007613440909751929
2024-01-03,-0.010877949006885749,-0.018889198237080424,-0.01915222581244217,0.013462032030828677,-0.008958597883156881,-0.021001076577836314,-0.01795074723655307,-0.014870565951823622,-0.008071833642860677,-0.018610859984163074,-0.0025900651425297544,0.003634078764614721,-0.0007772383802976849,0.0010767347656756763,-0.009695558689753933
2024-01-04,-0.006322543521445125,-0.0014505979280656526,-0.0017816618175182759,-0.021352899235642524,0.0054013661222332525,0.006511992694731783,0.0011531724904834438,-0.005610293107911605,-0.00483525864536752,-0.0018373442062133254,-0.0018198850059152915,0.0010561138353415327,0.0007124490866656909,-0.0004121723744123746,1.8632388822685156e-05
2024-01-05,-0.0008700437771628728,0.003316299339968095,0.0008589577029109353,0.0030904432869492023,0.004875842384474857,0.0023652569646709838,0.0021505455518760785,-2.6726119139604454e-05,0.0028860381078264943,-0.002647803461769661,0.0055596403029327226,-0.0006528358463376083,-0.0011180169368223939,0.0008949251483677197,0.0036323079791092242
2024-01-08,0.010028861805298273,0.012612708211107444,0.011350087962932935,-0.008519637568387427,0.0077870000121833625,0.015670403257023364,0.009103502623204264,0.021358315847157004,0.005579291156046853,0.014403497270044535,0.01078031517177033,0.0031531747535692356,0.00258817919600267,0.00010498052304149606,0.0014520562412776521
2024-01-09,-0.008749246146806918,-0.006337906708947746,0.0035122039819302196,-0.013494853027316678,-0.008294818118043558,-0.0024311876522295503,-0.001640888569391106,-0.004056698935020623,-0.009468665047074297,-0.004596119702882708,-0.006669897886475432,0.0035960836187850734,0.0013446880985267362,0.000261922910562723,-0.0032895004581860775
2024-01-10,0.014372076025487974,0.005264840893513682,-0.005190740915127574,-0.0086037042504283,0.002267089592587716,0.005902379849471384,0.003252684767868128,0.005616667021906517,-0.001259476932189573,0.00227386969120789,-0.0020888616297783593,0.0029927524488833576,-0.00015974693929434648,-0.002302109989295022,-0.0005464223828637816
2024-01-11,-0.004831437763486968,0.0003422095254546778,-0.002669269143630539,0.002314377649865065,-0.001529549864617453,-0.0015626958109758388,-0.0015471802727654977,0.004380738085238623,-0.002064529200945021,-0.006555899950653632,-0.026043856559018124,0.0034016766678069458,-0.0008416919791466069,-0.00173852220096009,-0.0039683349217199
2024-01-12,0.001958476138765173,-0.00871212114669371,-0.003457466258359354,0.012454946416027443,-0.002656324189714323,-0.006638091765416922,-0.00302380754145545,0.003508855688720228,-0.0013758609724494962,0.007785720258905637,0.0007879778331883531,0.0012882559112926983,-0.0032404018380671855,-0.0010585689892118261,-0.00433119780220302
2024-01-16,-0.0017930911928233967,0.00040032767074154457,-0.006786187377311498,-0.026278753999909723,-0.005049587311464907,-0.007940038936125455,-0.008036155186904632,-0.00031702151753732296,-0.010540674037839499,-0.003206519460315586,-0.01118803974399885,0.0024514022415761897,0.00129137751650909,-0.00038245339463793956,-0.004000265814058887
2024-01-17,-0.0080161841270838,-0.006120538273585859,-0.0049292932017800445,-0.010893764660882242,-0.000779325234202322,-0.008228290796124525,-0.006780038923682287,-0.009055026258387009,-0.007993296368833657,-0.016278510495744834,-0.015026809021073211,0.002487986948190046,0.0015038962457906199,-0.00046453139552361355,-0.005707582383542094
2024-01-18,0.00865759050613533,0.01060438760691302,-0.0007608289640746782,0.002256483185593947,-0.0013784887703325347,0.006727107250712288,0.012137399579251425,0.016646281781549036,0.002937537267024086,-0.008465664080859378,-0.009591494657818885,0.002342321279870919,-0.00447007521250471,-0.001008111663196507,0.003456074473384049
2024-01-19,0.0041520396206781735,0.004828568327947299,0.0019065125753223592,0.0047332625654232345,0.017305136195260105,0.004288749161964012,0.005190071721962175,0.018628985493505886,0.0033607893719624494,0.012894765868557308,0.005964637897757692,0.003960065224556615,-0.0002298428453279817,0.0026872343986058178,0.003469136668207874
2024-01-22,0.0020985486542328536,0.001960626119857912,-0.00606374950581949,0.00634228515980368,0.0069871170960901915,0.006446974056190111,0.008495076765523583,0.007807871445827444,0.005325056052908172,0.005989794046225967,-0.0028038788393869823,0.002689419648807362,0.0029738572626812135,-0.0026048687116719364,-0.00012399583176354032
2024-01-23,0.016446034562350692,-0.004897279404718083,0.0028697354585928985,-0.002571476074083522,-0.0003525557717091437,-0.006913500538890332,0.0007676784493218588,0.006716785385488372,0.0031864411107528474,-0.0027303201068319123,-0.0030228103378289553,-0.004407487061769137,0.0047646169495702785,0.0008895634791135557,-0.006138163736947656
2024-01-24,-0.0024817403833430184,-0.0052819786222934265,-0.016269446260086067,0.008774981143309117,0.0020077000926046738,-0.01276074216704725,-0.006941458511027847,0.001960908044823161,-0.012559303565454327,-0.010426989097077696,-0.016282515012560714,-0.0007703787543582634,-0.0009644837598249825,0.002424070500674386,-0.0016155368851886358
2024-01-25,0.015935173043878863,0.006696288667768871,0.01596356337949574,0.02156450236885249,0.0032289295020900433,0.008030418189526602,0.007860223681989737,0.003868228961174748,0.011195125233483087,0.00645573793360974,0.02027399876946178,0.0026729393829725786,-0.006918174388020549,-0.002901122744551469,0.006270176411110895
2024-01-26,0.0004845396590063968,0.002312932062186453,0.0037958278013469154,0.006529179839372966,0.00454075560119266,0.002973493970512353,-0.0006731613207910505,-0.011232930621818932,0.00045182377320066773,-0.002298371988292973,0.003130610958861964,-0.0002979495780759073,0.0018806774209835131,-0.00024588267584347987,-0.001127088639561431
2024-01-29,6.936977852538535e-05,0.007407581186568975,0.012429310573773155,-0.0012277877228935156,0.0028522260998356088,0.012346877977885154,0.006807129121850301,0.0077687297664212505,0.004044112815492081,0.005481590251816099,0.012041841070631809,0.002719895769502828,0.0026398504428556038,0.0012534962192251257,0.0036402053279464713
2024-01-30,-0.0042592129761687934,-0.0006135595466699915,0.0029597542960580203,0.007908356000064296,0.0075508844066226165,-0.0001717911306789673,0.001465624541444152,-0.004407275523488016,0.00394775848205514,-0.00968814428158948,-0.001760495763568088,0.0018570582854606074,-0.0031247441601859652,-0.00017555940402631763,-0.0019332267374655358
2024-01-31,-0.011790279336216746,-0.015016888105833915,-0.014106104013490158,-0.022754466670285856,-0.012203453324749645,-0.006227136718709116,-0.013668450027803132,-0.01947458620313247,-0.013167660741433062,-0.00563664485935451,-0.006514445927632957,0.0011495908195184735,0.0032453270799508603,-0.0001666685953224101,-0.0077453888245126385
2024-02-01,0.007713519587026237,0.017043866132896157,0.020738807122278703,0.00024108727224623596,-0.0016487328424839589,0.011609094619849776,0.016450459996034488,0.010240351251595047,0.016570431294508612,0.01679213094875313,0.021402106177320374,0.002923304965780709,0.0010603825329945458,-0.00028000586756477653,-0.0019333197612608573
2024-02-02,-0.008302058135622256,0.00036586299376864875,-0.0011263731273883255,-0.0021619908110959377,0.007419640283874297,-0.0030352282547184877,0.00681501860411799,0.0017736055445492901,-0.0036354627246596763,-0.007812821435403705,-0.01081721112546201,0.006079694526132287,0.003539577560362708,0.0013655280354121495,-0.003310884474885251
2024-02-05,-0.014762309933806225,-0.012045050423550021,-0.009028053424920036,-0.003792071965491397,-0.00907423207498998,-0.0021429836814137837,-0.008405803959131496,-0.0009116417664683319,-0.02081214211429505,-0.019774922365370956,-0.018134579798851434,0.003087057552549748,0.0001436048839125457,0.000675803921822528,-0.0019440955394190024
2024-02-06,0.0003624238280304688,0.008314437507476015,0.007020627973877759,0.0038260499750028334,0.002356346525460871,0.01686630206001898,0.009344640836963694,0.0011513785752723378,0.01095912918407872,0.012098129001714645,0.004741508793510239,-0.0013190756322362695,0.004806587862356517,-0.0015852876175233143,0.002408041594710296
2024-02-07,-0.01421740242754719,0.006263119360784893,-0.008629256346325631,0.0042618258026055865,0.010152076082714654,-0.0025778782923680326,0.010330111259508692,0.009056628349538829,0.014225926304375877,0.0019942569571963836,0.000980431814767191,0.0035715931027705435,0.003910417638942665,0.0006802024819479894,-0.005046489849029676
2024-02-08,0.0065692451372528155,0.010312237065842923,0.008573062353919553,0.011091612236356779,-0.003709249026887062,0.0016757329736424387,0.000625149240440486,0.003071452700619174,-0.000932742492464507,0.0028174994091599015,-0.0028761590949864637,0.0053245270862092966,-0.0018313632139662806,-0.001322606709413793,0.005147967316478573
2024-02-09,-0.00035274142135115406,-0.006027304086622697,-0.007387649180728709,-0.009985578765570498,0.007361922194634569,-0.0018384947302776075,0.004021698187486098,0.013679141699283854,0.0029268522771259647,0.0017257607699369527,0.0071205487920541,0.0017224633901279647,0.0022648837894565584,0.00019610934611406384,-0.0019510853013417805
2024-02-12,0.006369642903114282,0.009176168231466534,0.013956500376484661,0.01192814855303368,0.005761725270423104,0.00754119499741468,0.0021066961531917643,-0.0020106645913983037,0.0065803555711658,-0.00393865160703741,0.012258455086971575,-0.003420873192292298,0.0016751700375104326,-0.0008789564529532809,0.005121426251769914
2024-02-13,-0.013596899388238635,-0.01822556858532954,-0.021795355789437743,-0.011151371841326587,-0.01313703580125444,-0.019111407233676787,-0.011009737454506875,-0.02193802742224144,-0.0156279297499497,-0.015185414767869046,-0.018943085453556042,0.004172247578775475,0.0011118592605476527,-0.00042061945568785025,-0.011028331565524614
2024-02-14,0.008387916911492694,0.0049405405776221725,0.005092640273832654,-1.1480573651870467e-05,0.01244828062132075,0.016112490336375393,0.01462471244674916,0.011669105601721698,0.009037874845668935,0.00859513847477022,0.011657933401203855,0.0035344247579165875,0.004259796217876771,-9.22327703412583e-05,0.003292861323321484
2024-02-15,0.006668846683786342,0.008256934928511516,0.013189514021979624,0.029300907780615924,0.012922121377107375,0.009376420266096079,0.005145334932594762,0.005316549088170248,0.01587289006134914,0.023964285988461773,0.020452437497922565,0.0006640107250293295,0.002865642315745084,-0.0005502804121869183,0.0025994760505178662
2024-02-16,0.001122414733103071,-0.007962217693018277,-0.0017230291454345729,0.001586325093933152,-0.003161922003771577,-0.003169325804663693,-0.006377674200535483,-0.008085429272076223,0.006382405003846248,-0.010967057984017486,-0.005138956602414096,-0.0026340499651794375,-0.0011192570743885654,-0.0019679381117180695,-0.0018806779999820673
2024-02-20,-0.0027625585669599816,-0.0011677542774892896,0.00640971437348843,-0.011919791624224456,-0.003832589075384661,-0.0023159171062076575,-0.004636936082431119,-0.0076951137656823135,-0.005890302302122803,-0.0054127301601483175,-0.00512112609171409,-0.0008206072758678795,-0.0026841012271101574,-0.0014415264700048008,-0.0016896613038456004
2024-02-21,0.0013013012165362014,0.006367282714282206,0.0011625145464721097,0.02134854823927633,-0.0033455079397404397,0.006147767186310234,0.002015493947194593,-0.006443163997582686,-0.0002185488633884009,0.002446895703439693,0.009466157499398137,-0.004132376628613623,-0.009668661491823757,0.00027031318977374923,0.005790859314382314
2024-02-22,0.0009411630505160322,0.011433148765442094,0.008905584718031264,0.006429841890583294,0.013087157125537515,0.014366065425356955,0.013584566789485612,0.019987552455060804,0.015375235852297818,0.009189302196722248,0.0021775106350287597,0.009251507884792051,0.007140047876699722,0.002307193946577825,-0.0027391587133882775
2024-02-23,-0.008332542312145587,0.00605376955053322,0.007816902940450069,-0.0006409828701966014,0.003776555827446281,0.006542335399508183,0.00466010781321604,-0.005718105137959873,0.007810243308226732,-0.0009979282611705762,0.008898065179629065,0.004415257994454446,-0.00036652928414696387,-0.0026807759229834026,0.0017112132131148114
2024-02-26,-0.015005891938317297,-0.004813402060251246,-0.0026689305588949745,0.004766311103588119,-0.0008822023207666903,-0.005640291496102827,-0.0008850253435161188,9.688993970297601e-05,-0.002287411083426233,-0.009718608889165661,-0.014710378898015778,0.006132273824123544,0.0028486740016940015,-0.00011347451260511578,-0.0017318425270017239
2024-02-27,0.00875584132266793,0.012981129280561145,0.008282955599665283,0.0016374041164252606,0.006406910518876772,0.0027357088903932937,0.003118865900585588,-0.0036858090356258733,0.002065140145396645,0.0019473186231626631,0.02090898127836095,0.0007840885700187828,0.006192473254463003,-0.0019038406907331427,0.0017698236767262267
2024-02-28,-0.0034857053509860917,0.003878389494756909,-0.0028700289183907855,-0.005275743414088247,0.002801400174553629,-0.00544688450918551,0.004582420456256986,-0.0022890906719831797,0.000687412829759551,0.009587875534541218,-0.0009727869995671642,-4.622159962922676e-05,-0.001739529565182576,-0.0009782920503750361,-0.001557965031672129
2024-02-29,0.00768074328401672,0.00452158940412662,0.013253405492958432,0.009856753593032517,0.0011362941588489146,-0.0015180796722351142,0.003765582017701901,0.010366133985718172,0.014536327003857492,0.008944372413407117,0.006208630758177759,0.002063778084735885,0.00019027023583431072,-0.0002614491585790315,0.004732418799322407
2024-03-01,-0.0017405254688269921,-0.001367262026068867,0.003723081970295129,0.01299275221177142,-0.002884395499804565,0.012573964830802503,0.00327842269772376,0.021103641931880315,0.005774912391693845,0.012302318224100923,-0.000213633450610387,0.004532430439016994,0.002738769605547968,-0.0005066257464454173,0.001966803429329958
2024-03-04,-0.016743980768436882,-0.004657252976326184,-0.0006928092774703713,-0.0028983961681139135,0.008093793624950107,0.0034782872739286797,0.0030312840989462756,0.0006992677217120335,0.004321977435864029,0.014054583139455684,0.02107486540212253,0.004177823498974003,0.0028301136461761326,-0.0016115651434948262,-0.0014847751504033023
2024-03-05,-0.0035112004958120003,-0.0020332385946376483,0.001810821954396228,0.006515500741050593,0.0007675106162804687,-0.007704645046392025,-0.009120844151565426,-0.01781864000899829,-0.01363987936785679,-0.012507219065049872,-0.003765603862018587,-0.001212589433713956,-0.0018937139348794696,-0.0011705260429319324,1.640936364538058e-06
2024-03-06,0.0006041624649408536,0.00021119216580917132,0.007923559732274103,0.0026763734465752023,0.004934452576755592,0.009068173845913184,0.007267439938682292,0.011761695121069659,0.009900827966658535,0.0061321912871942375,0.01270106880753516,0.0006757029506115339,0.0041532281899576496,4.628313382206155e-05,-0.0014678185437501403
2024-03-07,0.010556613933570339,0.00268160876060707,0.010416875321653835,0.007699072384986996,0.00020989738187270166,0.013301263652811812,0.007687908205837443,0.00885692328257789,0.012323319710800959,0.0007851173607760861,0.008966883193386538,0.0010049635737813915,0.00012499661983948317,0.0008928623998803774,0.003661716114162357
2024-03-08,-0.0005046990365545077,0.0012347664434490197,-0.0006680920576524449,0.0009543418102946693,0.002383474354299659,-0.001590522920437511,-0.002154732422626865,-0.01358636971210987,-0.006624120758862431,0.010791595107649944,-0.0006069959510909385,-0.0031185657118539636,0.0034309172276048325,-0.0010128982105510546,-0.0022163664978504345
2024-03-11,0.016602558321426136,0.002956756951304731,-0.002219493628511798,0.0032684256679321034,0.0033391959016092062,-0.005766120533251702,-0.0020810782101385135,0.003373771291382512,0.00873590035079095,-0.006206642772525543,-0.004444094152194109,-0.01001266060847304,0.0019617675907951846,0.0006801405657886159,-0.006004549685657
2024-03-12,-0.00013871022147980428,0.004215630237573109,0.005121199812073446,0.004597150839144722,0.0033116941551230177,0.004103760595375874,0.003534235822250691,0.008439447174073725,0.0017788512260890667,-0.0024730419971828216,-0.005014554445991644,0.007007999132582315,-0.001376290118595798,0.0007077441398719009,0.0005419667976695685
2024-03-13,0.004229814309577627,0.008026241625476754,0.002384921184290116,0.015370210363049329,0.0040672929130605205,-0.004238133349376002,0.001216230132604139,-0.011029480969889382,0.00811829946054437,-0.002603017240943941,0.00369673649737438,0.0009760695796270426,0.0010546204781166771,-0.0009461029422624022,0.0011553808160703774
2024-03-14,-0.012686600143533358,-0.00981710798616773,-0.015235323195070581,0.005975462104870599,-0.009433627887811396,-0.00934008969693855,-0.0057045577441297585,-0.011717320757932304,-0.005678613311235866,-0.014060076146938785,-0.010833665358149837,0.002427393890070497,-0.0033500243795019646,0.001183753936652212,-0.0038286369635985966
2024-03-15,-0.007755713495468591,-0.003161616891728306,0.003810113775734486,0.00241023124387401,0.0008626991657330037,-0.0016701923147965027,0.0011061889211934407,-0.014117876783312023,0.0017255137970774914,0.0008748081161301648,-0.0009381838852572175,-0.0016546618038435388,0.0007301839025437365,-0.0010256609419746934,6.138825384287176e-05
2024-03-18,0.006886482907596267,0.00044839658764860046,0.007731456087879023,0.003936548646609255,0.002415624213633979,0.001369151438399859,0.0015339055442142925,0.0018469209481736752,0.003724831914766532,0.0018195990316463558,0.006969527202925669,0.0010750254357143698,6.814881812770362e-05,0.0022093853907568495,0.0002499519584463915
2024-03-19,0.0062350165826645905,0.010811580417662277,0.006125023379543777,0.013889998696161513,0.0017830796927056477,0.007098606889705466,0.005905909479481724,0.005003681529333167,0.0023562203996792533,-0.002008652514261876,0.006007158175179303,0.00021857682364651997,-0.005479991959284218,-0.002203083715422429,0.00147766610053123
2024-03-20,0.01939709714935337,0.011859084865029134,0.007693406909360812,0.005552177110181033,0.01469096318347366,0.0013428087215696894,0.012701402906686065,0.007255106437137861,0.009117935300802184,0.00679791737741185,0.007065854190971873,0.0003639809230875905,0.003922203468545013,0.0006114722554785756,0.005472467440111964
2024-03-21,0.0021787440440297445,0.006081683587087499,0.00970311857143298,0.009538036227908185,0.007631790960748102,0.00637621909515957,0.00936864582892885,0.009365633109868566,0.0036134608692945745,0.006130437976744127,0.00569186783290443,0.0035727181778989004,-0.0019780740592726595,-0.0004602978201713704,0.006969201249246801
2024-03-22,-0.0062822783889526865,-0.008664177328354502,-0.006491311795896945,-0.004308316804338612,-0.011624442255573507,-0.005215103778589577,-0.004270989950717077,-0.003474826883302748,-0.00602665920725362,-0.011650738217861289,0.00026343912889632983,0.0016262066346182265,0.00029832684545117886,0.0004880158419818469,-0.0037680962190338404
2024-03-25,-0.004137580669273947,-0.006980136123402494,-0.0007838713237392521,0.007239708326424076,0.005560475222063405,-0.003909206702314204,-0.0052070735436670805,-0.007357729578854326,0.002080123307034369,-0.0010394990812163639,0.004875614403562928,0.00029725610024893055,0.007520217757232982,0.0008125329283625253,-0.0036846206365191946
2024-03-26,-0.0024386987341588726,0.0020809158113204718,0.0019324681190001102,-0.010382973295658645,0.00029937074680591504,0.0008952917094609805,-0.002053642785408306,-0.0011373388299566938,-0.003070506005282006,-0.004972520244242218,-0.011759131158634922,0.0015790042052755606,-0.0021738159399962696,4.699913128182634e-05,-6.953028631538567e-05
2024-03-27,0.012950901533906238,0.01443632150475807,0.011232211804768468,0.011641194708023423,0.012093129014748826,0.0152239960283194,0.015611491177200341,0.011596500851441625,0.016573393651919413,0.016665000912520146,0.023780649786062587,-0.007498036918457063,-0.00045842693455598913,-0.0011444672813830166,0.003533894762809011
2024-03-28,0.0029854544674643123,0.0006913257767214036,0.0035852381720253503,0.012001475416401446,0.006389840789679709,0.0010250911208973166,0.0032387205164777543,0.001006064919196261,0.002589451468861047,0.005836930145067584,0.008609441466039276,-0.002297521758079049,-0.0006962102839111521,0.0001353390455692672,0.0013202710910583126
2024-04-01,-0.0017554584724614787,-0.004716523262762283,-0.006034799395838319,0.006249774063590444,-0.009175444489236385,-0.010400299288547084,-0.009875399882744608,0.0004152963181316278,-0.0008813142706150364,-0.013741394645627528,-0.005334883699982836,0.0005230063914137794,0.0030934555242149928,0.0005435253430165291,-0.004620159625703236
2024-04-02,-0.0032256472920923363,-0.017077880124428846,-0.004636081767428959,0.0089475524873726,-0.0072262898731744,-0.020366516497330126,-0.007905983888183183,-0.010164464827552712,-0.004610711392753412,-0.009638049870156373,-0.0007171971319276223,0.0014675930374259455,-0.002987070273452453,-5.4064341245830465e-05,-0.0019493205167618248
2024-04-03,0.013209470756647695,-0.006455322358665328,-0.005521940017165192,0.012862399976745443,0.0008544666077846324,0.0021799529973563596,0.0034921714335005897,0.002273135087010893,0.007328351610370114,0.0016631006643028775,-0.00020721981913881412,0.002984717555622148,0.0013056095375262354,-0.0010620358282261984,0.001791937816337588
2024-04-04,-0.018436895650072824,-0.01312211445534064,-0.005484530428571012,-0.004672785660543966,-0.012617798250313186,-0.013951160182874706,-0.00918360552910879,-0.01240782762057903,-0.009636902217227312,-0.00836812670426875,-0.0068552805543063994,-0.0027193882866015763,0.0002204235198550054,-0.0013855071826381668,-0.0021015604230415355
2024-04-05,0.003029688873923944,0.005546396624909628,0.0027396783238663896,0.011146299668384619,0.0074086463420604464,0.00880158390402155,0.011553643166654274,0.006346116389896795,0.009130790969116767,0.008935627090727778,0.00542923179956202,0.0049929311977746785,-0.0009504345026846587,0.0009212804612924853,0.0005050998766460341
2024-04-08,0.00036265908241238815,0.0027993879143590784,-0.00092689224952014,-0.005490902385408124,0.007062221251223976,0.00019965664407086217,-0.0003595413465200437,0.0023052887256521624,-0.0013574453918111572,0.010107206957187916,0.007677607887187546,-0.002828859126233909,0.0001565608487669486,-0.00014599168209684317,0.003233666533678106
2024-04-09,-0.0008505242251667904,0.002664254131801608,0.004690706593596159,-0.0011831277211767192,-0.008369531165036104,0.011253412872800964,-0.0008755541934904184,0.010116271451592558,-0.0005254933837227374,0.007938445180755236,0.0015900676055549375,-0.0072434199534800224,-0.0025058755494659713,0.0005942911099972526,0.00601351170294952
2024-04-10,-0.016638622273782964,-0.01924821600804242,-0.013943740298884932,-0.002097652993503257,-0.012721488732458331,-0.019990540496584955,-0.009967581901272731,-0.019829382274154567,-0.009046397874105704,-0.02999569097462427,-0.019335494310592515,0.0031766483232879995,0.007089742240501792,0.000964423194076804,-0.01239575313851444
2024-04-11,0.00973797876561957,-2.9180062770738004e-05,0.0025015793299569614,0.00024762873125781044,-0.0162427319651171,-0.0009635754680668527,0.0015544595488589704,0.005865541088672496,-0.002226844386637893,0.0025322346786893386,0.004859974643067413,0.0016166854587596601,0.0018219380872801494,0.003483048278158359,0.004938387522075096
2024-04-12,-0.01635515834237386,-0.015418315685677465,-0.024859420263517455,-0.01636533477109644,-0.008895653008593806,-0.023368452805791882,-0.00965603760976598,-0.022796091725010712,-0.01936317529068105,-0.007879796608777157,-0.012645123791894275,-0.00034691781863211807,0.0022457479152999085,-0.001573729451695421,-0.008650397600826313
2024-04-15,-0.007183347522865575,-0.009994256747901406,-0.0062031646373428406,-0.013909460831085482,-0.009007462431527625,-0.006353013460213192,-0.009448273028754822,-0.012006845387839776,-0.006925222985894322,-0.019158075109196544,-0.013705845973752373,-0.0025541923798766608,-0.004826323684915842,-0.00021851876749008308,-0.0005641991372294603
2024-04-16,-0.01057813564706755,-0.0038049099319526322,-0.0013727178617652257,-0.010674882440265683,-0.003821369938580156,-0.0063481649459423625,-0.0015837584468681456,0.0005332442226321795,-0.007991360666743982,-0.009323221580765798,-0.0117277825515464,0.0031951753729319203,0.005974202263179214,0.0005795032373466896,-0.007111505258431108
2024-04-17,-0.00184784571493599,-0.0012054993657636516,-0.0010576133375167272,-0.006454925352317504,0.0015585825805607594,-0.01059219873336837,-0.003137648788740457,-0.011687183454506776,-0.0002185089690497177,-0.0011551442472680876,0.015423737588590213,-0.00416221540846424,0.0023671079713533764,0.00016479015036143614,-0.0028723059513004307
2024-04-18,0.0012119853456053732,0.0014487661320158208,0.0022545523712846666,-0.0033692192934169003,0.005676189363061502,-0.0058259661547179105,-0.0024629143632740177,-0.008722995492128514,-0.00018515611327068066,0.0032984917418341685,0.0019153242250571129,-0.002994987215532003,0.0038542687928321356,-0.0005329876866764449,-0.003788294551194386
2024-04-19,0.004419623146284335,0.0026653660525948262,0.0032490651432700913,0.009630950472156924,0.012317223630841019,0.001034677631167362,-0.00041319221383236235,-0.012046346272834085,-0.002025246014652554,-0.0011214141288481178,0.004758703884762393,-0.008151687989473123,-0.005015423786597378,-0.004279718942280244,0.0003187361965471018
2024-04-22,0.0020462449968427433,0.00569314386235221,0.013244057662084953,0.007519649949160207,0.012504704519486343,0.008195552990377965,0.005940174074764228,0.008989063492440942,-0.0001275432674668056,0.00814684561843806,0.011578668173012736,0.0015494079795522438,-0.0017564597591775057,0.00022249234593319815,0.004252409357282231
2024-04-23,0.011482712167616134,0.01096672443218985,0.009410534276104181,0.006283142125430026,0.005738776140690319,0.01929443491242484,0.012472139038174103,0.010143376127103006,-0.0055467015642209,0.012333087682205418,0.01023742557971564,0.004497897523966701,0.005382107600134763,0.001061209554284006,0.0009676363685626265
2024-04-24,0.0022476851921171747,0.006239074964085401,0.005017811995366132,0.0030586670731294688,0.0002601235193952931,-0.0014258135261923334,-0.0050753533088352416,0.0034598394618268304,0.00024325937628269663,0.0061220970913869665,0.006566143973756602,-0.0014042845842721647,0.0013762769573902084,-0.0004163343939307386,-0.0005885283287834146
2024-04-25,-0.015547632534293022,-0.002782563184813728,-0.003253761726102339,0.00616406558251058,-0.00864459859530479,-0.010199697526155712,0.0032495379461439486,0.002709029956851797,0.0056149445438208965,-0.004099290295148133,0.0038648962717655814,0.0018554013214242952,0.0014846811220781439,0.0008489460308838604,-0.0008463319816404028
2024-04-26,0.008114076903302863,0.0008699776789801343,0.005300793791208393,-0.00242273382926034,-0.0033354867163217375,0.00619601311320605,0.0003502344019223759,0.0048570523656672445,0.010347563001303203,0.0024418127605424543,-0.0029636350354102924,0.00450240078906933,0.0016674158890935605,0.002361798015875739,0.004674768616493065
2024-04-29,-0.002392030736953233,0.008522938858316622,0.0030119960765122907,0.004986562937835362,0.0006126436142008776,0.006405127287184977,0.008208785511031332,0.00574985612407775,0.010290687095287718,0.010975049834118017,0.014340636285249057,-0.003198098097647194,0.0025963132302961383,-0.0002170742919564237,-0.0006631661572529565
2024-04-30,-0.020714528243224145,-0.01728917851178627,-0.013431082329932679,-0.03662212656404618,-0.011241188465559694,-0.01370638692834695,-0.015538689221907962,-0.014985485825683533,-0.018036320606593045,-0.014272701168339359,-0.009083609846308344,-0.00035831209859126667,0.00011967294590663036,-0.0011915468550960126,-0.005191379845227978
2024-05-01,0.01277645029472678,-0.008276784042384085,-0.015243903021459995,-0.021174197274928877,0.002583960276234217,0.0014981656475537522,-0.00282082308828302,-0.01351571228463643,0.004298556559960384,-0.0022931831877097257,0.007166612399177563,-0.0009988523933976816,-0.0003014178644927467,-0.003006094848559435,-0.001878423818593037
2024-05-02,0.009727670207667662,0.006552230574771551,0.01576070153702756,0.007575583284446319,0.006877510058428875,0.005130492268667795,0.007780711170945576,0.004907573824023022,0.0039445390191804085,0.0141574690850332,0.015160369806851785,0.0006708563882714878,0.009630028604566248,0.0011264764500046184,0.003554470374545426
2024-05-03,0.01244900194955551,0.003817225584121586,0.005357230929671066,0.002340435155967029,0.002016286293473989,0.006916663352622905,0.005504466552922614,0.013058137086119179,0.009307688523898365,0.005061650895745997,0.00836147029638258,0.0030080104724371,-0.004013175594558742,0.0009173578797350734,0.004624401719326412
2024-05-06,0.011033804420442207,0.0066257969312580696,0.0016336439641227282,0.010546637453574443,0.012608501055898374,0.00347812807752338,0.011749053809448037,0.01169834437191936,0.008004298551844074,0.0065016366298767765,0.006974828973880203,0.004299872744336413,0.002742492610518375,0.0001414068451128413,-0.00044827219366815366
2024-05-07,-0.005569488742281927,-0.002317990663041838,0.0016383617819281388,-0.0028825424621858383,0.001973802013141234,0.004527985659385954,0.0005599662889792416,-0.0014753525588557378,0.012385513865831272,0.007547159392937911,0.002345865963730369,-0.0025757117088846954,-0.002073295389301286,-0.0005489239293367263,-0.005486408768619236
2024-05-08,-0.00800856878356759,-0.0036598980572646366,-0.0022356752606611653,-0.003122323214868094,0.002263855575713983,-0.00656743761404028,0.0011239234769230056,0.004139838067206777,-0.002752952190509786,-0.007646986167046179,0.009343107472175033,0.0007500908124938941,-0.0008968657719680771,0.0013227343957181155,-0.0009215595997190098
2024-05-09,0.009458102853674885,0.010389150330127129,0.01047652063550093,0.014355594052641519,0.00457941728263057,0.015244861292058483,0.007974743780664734,-0.004036203435700541,0.011741480202256455,0.017153850740201565,0.016186645862982952,0.003175996128139483,-0.0014067010685887013,-0.0011577935605475078,0.0018596821724515325
2024-05-10,0.006568144771802999,-0.0013025850543266337,0.007134075214358573,-0.00803975831704075,-0.0002786177701246869,0.004830194088291484,0.00012238132686640048,0.007582015422607667,-0.0016575497730691548,-0.003986342503825411,-0.0024624186511464654,0.000745134871018439,-0.005041915908136204,-0.0008554470490428739,0.0016043889516849368
2024-05-13,-0.00048598058462875237,-0.0004597477471362391,-0.0039801692619774705,-0.0011128478049112725,-0.003327332678804075,-0.002736180968260274,-0.0019114441443614778,0.004170346033953792,-0.0010369624485540316,0.0006508309101758202,-0.003867176332803841,-0.005206684111128039,0.002238617856865191,0.0006786748324362869,0.000312607812571204
2024-05-14,0.002291500000759585,-0.00038913315068278185,0.00027937001359272577,0.005554271274872,0.007857099581107974,0.007758960906257282,0.0019722781303160844,0.006116206679054994,0.0030427848347687114,0.00603913979971373,0.0037207999300992427,0.00020934168994915265,0.002345573268171324,0.00025754254060577264,0.0031924032743164497
2024-05-15,0.007130725104918387,0.002676846153397641,0.0028249369969532575,0.003493793704191031,0.005883578141647484,0.016743465407222262,0.004511183186920941,0.017989855235777594,0.0030024383893511204,0.016239817848362835,0.018464236320965784,0.006395947104062344,0.00038636899616499804,0.0012942986426449485,0.002892111745365218
2024-05-16,-0.0006860385616947078,-0.0016234732037368554,0.0022176160802078425,-0.003338091658933632,-0.0009703293664764085,-0.005499101889546759,-0.0057492187869762415,0.003006014519999583,-0.005812712927576402,-0.003958199827306014,-0.006721557688441495,-0.006278281283563249,0.0009792123745940274,0.00015804358821596082,-0.004989879712788989
2024-05-17,-0.0009231316248105077,0.0015431664186872057,-0.006696922464875463,0.011990372719632627,0.007781976831111734,0.0005514562433501481,0.0013736135944685363,-0.002320805377107134,0.0057443542182613735,0.001748823869164159,0.0003213293825921477,0.0003225563865150803,0.0016674323626514713,0.0002697259313162622,-0.002100937503998239
2024-05-20,0.009668161216685428,-0.0010873006358447241,-0.004178112892728614,-0.0009146051711388437,-0.006885378077267297,-0.0014636816960170002,0.0034308817303120524,0.009275651895344768,0.0012480781252696286,-0.007171109655749853,-0.0005528153759156418,0.0016932577140157245,0.0034543354060786575,-0.001208875012346358,0.0003809047839750344
2024-05-21,-0.002329595724729235,-0.002936331599782181,0.0034500288953769253,-0.004116764616917251,0.0022397789011280576,-0.0025816771873596266,-0.004770763177138589,-0.0031745247938990075,0.0005736866870606917,0.001527533688002494,0.008509254259672295,0.0016761522347649462,-0.0023245676582457934,0.0018457409898840176,0.00042875148544961286
2024-05-22,0.0001927297061554281,-0.014241556161321917,-0.009711576473046877,-0.019293212861843916,-0.004944441666710219,-0.003140666938269012,0.0024437188231718476,0.008421506626431846,-0.007310865893246307,-0.006428031020257724,-0.01530668911643231,-0.003584471254016803,0.0011736335302255092,0.0005934324485342803,-0.0030186381548626883
2024-05-23,-0.012310854811235313,-0.01158863785385033,-0.011871796907363988,-0.011913519236439714,-0.0190026589170767,-0.013650667832972821,-0.014195961400558827,-0.009026709300540635,-0.007084613580003043,-0.018079832353566024,-0.019439408589147025,0.005596675278645205,-0.0023191595991974125,-0.00066092518866486,-0.00276315608854607
2024-05-24,0.01163416050818659,0.012290311696175327,0.005678471370594961,0.003340083652402459,0.00924863249602853,0.00412780581662338,0.007584681138637055,0.001465533835306104,0.010938465494048205,0.0030761684628680544,0.01079777983429083,0.0036590205439542152,0.004781616414409829,-0.000701794407411204,-0.0006897189447554341
2024-05-28,-0.002579609211221586,-0.004869732318763252,-0.010521221301861122,0.010124480168704408,-0.01091109769822331,-0.013699764771980892,-0.013334335796528885,-0.004909840530143794,-0.003778410341086774,-0.005784473472563314,-0.0013887565739240872,0.00023684606639423113,0.0032746834134448543,0.002532448926158467,-0.0017122660232994638
2024-05-29,-0.004687566875796963,-0.0077073360573432954,-0.009688174637284407,-0.021797074237793663,-0.01121873770461601,-0.0068869481833207305,-0.015497536707113463,-0.010074599569149505,-0.015607626146975234,-0.008777540708013166,-0.011949259826104886,0.002423435881998107,-0.0008143385940405814,-0.00027944744317036173,-0.002076405951726688
2024-05-30,0.006783833227478851,0.011319053995223495,-0.0030407970253105363,0.005244140946067101,0.006722104464299773,-0.0015738867642119548,0.007613999937702602,-0.010966998257670243,0.00744481212213655,0.009484550407071543,0.011609605341941354,-0.00288317142617728,-0.001991028312560162,-0.0023490348488467904,0.0023987493896343447
2024-05-31,0.013958171146556335,0.015986849259765006,0.013611214500518219,0.0192209556575925,0.011443965591389124,0.00546428235297787,0.012426047662401544,0.004707595194755055,0.011099621451530815,0.01369349144739978,0.013061094697611299,-0.007303148036677745,-0.004572308100747119,-0.00016914007264529453,0.0008124868988312566
2024-06-03,-0.00013589565133492515,0.0010915436787552794,-0.002951586656020613,-0.02558706101381425,-0.006130579755973982,0.0014691658629913359,-0.010858350139997917,-0.000532098450374289,-0.007502564205922564,-0.000773146323745032,-0.010689790629510742,-0.0034688718111810864,0.0033136998344351844,0.0005234865728063467,-0.00126677865741074
2024-06-04,0.0014471920877204751,-0.0005483274625117756,-0.0015286612844294762,-0.010263599429616042,-0.004757442524379786,-0.0014311474820424574,-0.005491409181655526,-0.0032236451328403054,-0.012834719809353278,0.00975363958767519,0.001272058148239041,-8.045071380586392e-05,-0.0013620489252169777,0.002510415627459975,-0.002346578129980077
2024-06-05,0.00747189752551922,0.004203680908813338,0.00038069239710637135,0.0024667139721876157,0.002595811726158299,0.011454482752014827,0.011584600456088369,0.01899234348084276,0.00512279067370432,0.0009520551744304537,-0.0031161590847063403,0.00519700634710118,0.00077422901764565,0.0007775878042226852,0.0028076987754368466
2024-06-06,-0.0040499399048195975,-5.8332910150550544e-05,-0.0014863323918789851,0.00399360160708821,9.18397672921948e-05,0.0002981361366635833,-0.009565878389746726,-0.0025703949759041055,-0.0004171318561159636,7.599247104500948e-05,-0.012129925918313838,-0.0031959794273641365,-0.0005118213013326988,0.0016828904948849464,0.0006588203039083854
2024-06-07,-0.008627115226921896,-0.0018404118213675384,-0.007507025659388775,-0.005585820133885484,-0.0003946972374905121,-0.002344871465532589,-0.00034437703631910125,-0.0022397355425992135,-0.009320389982168562,-0.005944525247703085,-0.010783487199275344,0.0002518280326744599,-0.0008939013251869041,0.0006709346687278836,-0.0021030046911865758
2024-06-10,-0.005810710450035757,0.0018944448422300762,-0.0009100080409762382,0.02087139848225359,-0.0005137424341107366,0.0021358540842117647,0.003623192212889159,0.00733381957313052,0.00019771832359264407,0.005894468798271007,0.010690426960687806,0.00449002953096342,0.0009758595795535505,-0.0004650159144365414,-2.154000544346301e-05
2024-06-11,-0.005850322810615733,-0.00349770274284846,-0.0045223719343151,0.001124754076096433,-0.012575808845686438,-0.005003488355710504,-0.0057883055772457856,0.00448028722936477,-0.0034076958100006903,-0.0027252464432994837,-0.0008570658406991099,-0.0002931865386044809,-0.0003507874477084721,0.0006549757293188196,-0.0026098775683398552
2024-06-12,0.003390500696764575,0.0073800390460908236,0.0019385840296198163,-0.0035820355478201455,0.004708047689072377,0.008170163438086742,0.011031696688487112,0.01409808264336253,0.0012116419298811,0.003985789417069339,-0.0038522950614635126,0.003679966584358315,-0.0011429069709912485,-0.002203041588396474,0.007580702239793247
2024-06-13,-0.012767449255047345,1.5286383711235734e-05,-0.0024685162765653197,-0.013620652090339887,-0.007611770807818425,-0.0031074797983580583,-0.0037760357037466353,0.00013855023366183636,-0.00287205484215915,0.0113743687029988,0.000642581975159327,0.003485489740247337,0.0009987960328213287,0.0013831009173206725,-0.00484405851621345
2024-06-14,-0.0020844799505598146,-0.011706994928800453,-0.006551291012082753,-0.013941805168905889,-0.0070918518699082545,-0.005756814483303364,-0.013234389248096645,-0.0018844150666095225,-0.010145508121584816,0.00214495048097644,-0.00394150991852349,5.623768138198296e-06,-0.002605204715797955,0.002304528961233015,-0.0030145596722411985
2024-06-17,0.0047331237508226225,0.016882959167319477,0.015172695067279052,0.005646509684841292,0.009659051411142917,-0.001486155732659897,0.009877627280024144,0.012093226217722722,0.00825318215001197,-0.0027311757282549947,-0.010064876932965181,0.0032403075902255433,0.0004389636728744456,-0.0009542693164109716,-0.0016380242460524751
2024-06-18,0.0004334378091997626,-0.001422432973825923,0.00159940243044787,0.002314709328863719,0.0017326029219425939,0.003533402938738259,0.0037165559185218856,0.005674456941856105,-0.0017939929725781342,0.006149504096661354,0.0029792275439869016,0.0058951157940493664,-0.002692669531695905,-0.000522902788477235,0.00026082377221069435
2024-06-20,0.00325602991811122,3.7069299264451145e-05,-0.00715187705684722,0.012614988377002905,0.008835155972736939,0.00020560876203829068,-0.00044974946543940413,-0.006003260464275844,-0.004573494724746023,-0.001250796688105681,0.004678464511649545,-0.004830907776023796,0.0019331478334993582,2.0505445104173602e-05,-0.00383948489654283
2024-06-21,0.008993896110081162,0.0076662264840980515,0.0016559350122684851,-0.007757570339506508,-6.863733401619784e-05,0.003949333124831286,-0.0013216472113597494,0.005262509517127325,0.0002853679388845733,0.0006875520144780386,-0.007894260655535947,-0.0020807056194030106,-0.0001971421747226214,-0.0021863706271915907,0.00027277377055610213
2024-06-24,0.004085630000787775,0.0037237011025644095,0.011060690773323157,0.026348085530739276,0.00767858886611899,0.00013759305508378935,0.004729807670666497,-0.00813643478291689,0.007683276359993288,0.0031088723467312855,0.0113912726040494,-0.001756240658992115,-0.0024438315373509632,-0.00241339338140556,0.0016522677317840908
2024-06-25,0.0019412662223489135,-0.00947664630026127,-0.005755286686322128,0.0009801909310696924,-0.0076026681582372305,-0.004921826877600883,-0.010404004710675138,0.0019073634452584497,-0.012321532921546937,-0.007844342018824745,-0.007240097498665781,0.005264034969102499,0.004174804594697932,0.0018392038789825107,-0.0021219934054434713
2024-06-26,-0.0012960268508872988,-0.002928381302858132,-0.006173862468460248,-0.01095837219423064,-0.004821857382035834,-0.00498101004363493,-0.003140181256864435,-0.004187821002027105,0.002718017348772024,-0.004446875039061781,-0.0032148261375589213,-0.003635420198868232,-0.000298849718912601,0.001668251708420916,0.0010697650956178852
2024-06-27,0.0028830736408076213,-7.420837762127201e-06,2.8219926830890127e-05,0.0013170613505604717,0.001988040610223482,-0.0017375649888130595,0.0020444452013319158,0.0048857783502755615,-0.005513891307303245,0.009621974442490414,0.004064257316412007,0.0004753798083393168,0.00330071695526353,-0.00020070115791388302,-0.00029855599672682634
2024-06-28,0.002085835269817311,-0.0052993920745303055,-0.002553176321509343,0.007603933292753624,0.0046097867731624284,-0.0045859485964477465,-0.0016630908216286849,0.005547108780113151,-0.0016402023179412017,0.0015341837241098048,-0.008861754941195772,-0.0023330745159008607,-0.0034236762657690297,-0.0010740113633946958,0.0036768804095877235
2024-07-01,-0.00906065234488403,-0.01678977471796992,-0.0060239753548239185,-0.0017034681725846862,0.0017871969716484494,-0.011027903521344463,-0.012359101648294357,-0.0017496016583403665,-0.0122111017572886,-0.005314754287576334,-0.005381446620645714,0.0016296829336004681,0.0028655976042781194,0.002776973969021623,-0.004380947610555179
2024-07-02,0.010841355587102837,-0.00119124291969421,0.005603974093953971,0.0013441741757078153,0.007790279100092364,-0.001721081505577795,0.006688920453423225,0.006509939488999724,-0.0005734160416572091,0.0032284987493679173,0.0045918279833467215,-0.0010293807932893644,0.00021671150727156898,0.0010396374865859878,0.00212035767804898
2024-07-03,0.0038120358827668952,-0.0030424634941893292,-0.00023333751995625377,0.006684511464392999,-0.0027968938495880643,-0.002006601966186646,0.00609359749505466,0.0010150299496981953,0.006074484696617467,-0.000524698121720254,0.006304869157046767,0.0021592668527649675,0.0016682377709035495,0.0017057014242977198,0.0017169358433304404
2024-07-05,0.004860712449371852,0.000740521785086253,0.0036441052358675164,-0.01611827107131326,-0.004517218694320673,0.0035294702271038278,-0.004588288921290578,0.0026192278518820796,-0.0027639589958458172,0.002615280057417705,0.000988399073003935,-0.0017857401699580024,-0.00016548554567484723,0.0020610364522225468,-0.0003366859505746598
2024-07-08,-0.007204981192148302,0.002861371208885754,0.001637563584307418,-0.0035907030386003896,-0.0006947115939081806,-0.0001582461820944705,0.002010274607165307,0.007901310652716254,0.0029528619406109496,0.0020368184043210633,0.0006073367256740508,0.0015034149316777818,0.0006094845751204492,-0.0012209032053334898,0.00010550931828661203
2024-07-09,0.004350617404561168,-0.003963763334271326,-0.0019761097192815785,-0.00661757720285093,0.00428939950506282,0.001619739268615838,-0.005260662219818965,-0.0066347732367803315,-0.010467740591779106,0.0006637676088706032,0.0038774908646318734,0.0017679064388963469,-0.0014152166904276447,0.0010360950587452406,0.0016763496368754603
2024-07-10,0.0028997066333996983,0.005439272004398517,0.006800294729308878,0.007012481454470254,0.008168372672593885,0.009662858272771798,0.010017502777450858,0.011252335371154994,0.01343787839953292,0.0038568333780834136,0.008961436515632889,0.00010321307289373004,-0.002123633335482059,-0.00011619835110193012,0.003870364851043037
2024-07-11,0.0036213382463271175,0.014627727553912687,0.007730494574269596,0.016337749798146978,0.012025092416644304,0.016543000320016144,0.014256699268638776,-0.0031403446952696407,0.014251290570951095,0.01243838523865188,0.01565892314649318,-0.004749064111699297,-0.0019621611869399284,-0.006332037563945733,0.006084042301981584
2024-07-12,0.0046907524629360865,0.014211321092902199,0.006660775750685029,0.005895689153015015,0.006672785022704451,0.0052124742380178215,0.00668638993625364,0.013252254847650366,0.006050964627680717,0.00433491277737511,0.006901060839629781,-0.0008548343095358377,0.0002904729783896829,-0.001618538557852747,0.0019073909739648852
2024-07-15,0.0028530632993806243,-0.00598609535673084,-0.005467672421922824,0.016308267449363808,0.014187181023881053,-0.0070427445784310245,0.0059480430139980936,0.003521815721323784,-0.0006144485548500411,0.004887323133526201,-0.022398144011251543,0.0008649966183849363,0.0003190244985336433,8.71187785924983e-05,0.0007058802314627344
2024-07-16,0.013016931956681787,0.025074338244625103,0.014145301073799724,0.005700689162090987,0.011667160408455833,0.02199720912450119,0.02693474912324812,0.011542064575163057,0.02036255863467996,0.004281448185585248,0.008850924648816752,-0.002808053008393238,-0.002320312513367532,-0.002984133274992529,0.0066089352932476595
2024-07-17,-0.007894981554114899,-0.011494975719718721,0.0007934342148265618,0.0010732691241011009,0.006406704679439069,-0.002637621267646003,-0.013409791748871384,-0.022936132684416275,-0.004868337100267046,0.005358430795994419,-0.003182451916094843,-0.011960254381467757,-0.003226757522049125,-0.0020678673703566366,-0.005711155550061493
2024-07-18,-0.003484333872529771,-0.01243165702836601,-0.005724648448164113,-0.0016995901917527007,-0.01133210750860439,-0.016619513606217474,-0.007440220441785494,-0.005729925218471942,-0.008243300299680414,-0.008317733698938125,-0.0024707684332861283,0.0010314941926170662,-0.0017259339979478613,-0.0006404365667436289,-0.0004372127663307743
2024-07-19,-0.007716937196933864,-0.0032156386814115095,-0.003380889558706289,-0.004413881691571618,-0.009032043349313889,0.002401376122790289,-0.005776160330799456,-0.01749075604710442,-0.009049440405394044,-0.0010963803484470714,0.00262769045948362,0.002352248819168789,0.0017144853556075317,0.000994054200754833,0.0008916593579168659
2024-07-22,0.003038170278005298,0.00595729258005501,0.0038369404719012673,-0.002664119211871036,0.008223382947158436,0.01148617737044013,0.011211354257012493,0.01789136957497517,0.0050284086276374,0.006586894938454565,0.009569379876452736,0.0032688405067616924,-0.0022694401586572373,-0.001202144971001647,0.0044671641241156275
2024-07-23,0.00033936348370654674,-0.004722349349608764,-0.005092723703366001,-0.014506853076767358,0.0014325574127378611,-0.0021977435802009613,-0.0028345517929835645,-0.007713343373449298,-0.0014721826318895481,-0.0009484880931690651,-0.004843999724114907,0.003241004365094075,0.0013082582399015087,-0.0009014218064763011,-0.0006747885449372903
2024-07-24,-0.015057833565937548,-0.018089468192515733,-0.00941311760280279,-0.01173409155202187,-0.01225312652585418,0.003378369721524855,-0.025435806598770844,-0.02079378769113885,-0.015131632077244023,-0.019107164527163566,-0.0003848839574690263,-0.007236342485208241,-0.005143395929500806,-0.0039617052502351514,-0.004916855096025978
2024-07-25,-0.0027447204417683766,-0.004413349356180457,0.0002859195433136778,0.012545933762891608,0.0035458223147364115,-0.008327302970609376,0.008634093955266871,-0.0033605912713427365,0.0028975990500018796,-0.009039946970808807,-0.008049913572417298,-0.002570420688288452,-0.004619357314924998,-0.0024989878547924823,0.0018474574799149286
2024-07-26,0.019495722201391952,0.015787321313775006,0.015549552426877663,0.008756753781820479,0.012930722057503535,0.006277337712560574,0.016380305452562267,0.015125925410847474,0.016470316630893257,0.015852846313756143,0.009921119784716315,0.002300694140612471,-0.002149811727002562,-0.0017532235997761967,0.003555049245513876
2024-07-29,0.005774470871854648,0.010198169896220112,-0.0033360069014452013,-0.00793700823732939,-0.003059112543441377,0.0042633903337638375,-0.0004814560439294564,4.789463212134004e-06,0.0016992769600925502,0.005664608056057358,0.003232030102215861,-0.0013780914257166424,-0.00017200690743622793,-0.0004090652865501715,-0.001743037967750031
2024-07-30,0.00656984417098686,0.005653598627338902,-0.005687084519333645,0.011659605873478581,0.011762690967300659,0.005267925327906962,0.004083699547668802,-0.008717731758884701,-0.0025340560043583373,0.001104705528704095,0.0006350477440019358,-0.005716223347587218,-0.00246683884071658,-0.003815498957308525,-0.0014069996280627521
2024-07-31,0.006328443648455056,-0.0007550986280023412,0.00616061295918862,0.006436454051895221,-0.0037984435169134026,0.0003359174486712367,0.008311601677480063,0.018514509955863914,0.015413494105190608,-0.0016662277477682789,0.014879510204485481,0.0069656805943155665,0.00251780574307008,0.004073951332736688,0.0037833672173773606
2024-08-01,-0.007396352354970071,-0.013806550633761159,-0.005846774357608898,-0.029840496254647752,-0.017479076672379856,0.0004347421723608947,-0.01988622742414413,-0.029525729778717178,-0.00963157996385329,0.016263146890418273,0.010398174111372883,3.743289614363287e-05,-0.001961344234772746,-0.0023202434827216275,-0.00908943773904067
2024-08-02,-0.015645224904207083,-0.017617247140119925,-0.009124556321171684,-0.046300659561463405,-0.028133373470698594,-0.01322958508415152,-0.021944007066711835,-0.028942006192044897,-0.0253835217062446,0.0017766688686925356,-0.010166138110789634,-0.003511477997193543,-0.003432801900867025,-0.0016630236149495323,-0.010960236228390511
2024-08-05,-0.028619348474597735,-0.02032943315884249,-0.020238225216179163,-0.024631925174223756,-0.030496414816205037,-0.025417281343630357,-0.018637462428382344,-0.025436170857455233,-0.02227551640464447,-0.026062051605504774,-0.02922186094070051,0.001940045790888539,-0.0005932213915779094,-0.000401239005204127,-0.0015841208979742792
2024-08-06,0.013501462055448091,0.016316535925098043,0.015089056664378105,0.012680823591431436,0.010782701715029597,0.009187514266932793,0.008728625892858725,0.00912163232188099,0.006250441677607043,0.023827654284236006,0.01050112582348285,0.005842566379577751,-0.00022918853319906356,-0.001805322001711006,0.002803996504982451
2024-08-07,-0.00034498103480008307,-0.015321836162425198,-0.011842958161389916,-0.001657909294398366,-0.0014328496111166175,-0.020862305903265495,-0.006991089515699142,-0.005272539651981595,-0.015610851564574584,-0.00886001173628693,-0.0021067184750244447,-0.0031804189533393896,-0.003955494398350996,-0.0017493537895151318,-0.0057251889830367
2024-08-08,0.014717190642325505,0.018719332446355524,0.015697617321376766,0.03129388296673089,0.017691561842363417,0.025063459939852754,0.02206830898710521,0.028610547583711173,0.0217856075762461,0.010001449884074455,0.010538302998054494,0.006125296299158772,0.0031716683814721597,0.001019474451382016,0.0058090141914524385
2024-08-09,0.004699357325653705,0.003995229506466327,0.00015515224430991283,-0.0018274863806141874,0.003683031458704034,-0.0009511830840898648,-0.00010599336394832574,0.003941490339347222,-0.00030676615633620384,0.006263136027882435,0.0028744819552910623,0.0037693994494213423,-0.0014692538256004116,0.00023288164293073566,-0.000520121717896675
2024-08-12,-0.012282545654119742,-0.0043007948642949795,-0.01035612464879958,0.007577090586453061,-0.006683951675069453,-0.005796030413716206,-0.004521057227714678,-0.0007978993413858624,-0.005283352597410833,-0.0034583426478364434,0.0013013706885365156,0.002576841028422687,0.0024476617996323988,0.0010835406935700328,-0.004182132675617013
2024-08-13,0.01174186742579732,0.014886896912103167,0.013264541182453191,-0.008910605910207776,0.011169581864003164,0.014304742243684075,0.012529509009479125,0.019086748285418155,0.011082682993208911,0.007614814714113303,0.010960045102192666,-0.0007260947125199813,0.004069589408140742,0.0019948911311011984,0.004570299889133996
2024-08-14,-0.0018422658076656512,-0.0028906932193618917,0.0021484225125519506,0.0020970781748360454,0.010969187445753608,-0.0022593522107360567,0.0035961593511338315,0.002165041747949425,-0.002247389996729748,0.006023210656534652,-0.0010033506390985088,0.0037922097335057916,0.001325039278883418,-0.00043059426270272797,-0.005031674027187636
2024-08-15,0.007124901445442628,0.019749212097657527,0.01360639543638415,0.017395239505299784,0.01224682530591309,0.013413779975489462,0.014561868114296104,0.023788887063185736,0.017363380430675444,-0.0017583874597764263,0.006439726971174711,-0.0024150330742178845,0.0044122548370391845,0.0020063223519320435,0.006660000805435002
2024-08-16,0.006760335097455912,0.001399696643000316,0.0026779199157371146,-0.001524061695626653,0.008204183178599894,0.0027234191405268084,-0.0019977558591624143,0.0025470634140131072,-0.0006303360572777342,0.0007679005667862091,0.002424697850820397,-0.0012492145272134361,0.0019098954707472088,-0.0005997399563558246,-0.001534819536083657
2024-08-19,0.009727270602984825,0.009320712659054145,0.006537797218589363,0.009439799477570602,0.00701081908352418,0.007905539749088657,0.007140673100351356,0.008035905091683606,0.005685023334421652,0.006719785494598553,0.007000795234065371,-0.000526612862101362,0.0008212758261092056,0.0006210951191385568,0.0011032532384498467
2024-08-20,0.0010082779219400396,-0.0028579275956373052,-0.0032608107617363618,-0.028192412535984687,-0.00609764182583813,-0.006187747923907879,-0.0035701673057335136,-2.117331244509072e-05,-0.0035030236354209616,0.0003761654661448134,-0.004173236026518365,-0.0003402483211953694,-0.0026967507399555165,0.0005394170614599021,-0.0017444743682729765
2024-08-21,0.007091686411744038,0.015750184280672493,0.010781688198307958,0.0031542485167131745,9.856788302634815e-05,0.006332539287725742,0.008668568712363814,0.01026806958333325,0.014411350008574046,0.0046718621974329005,0.007909204432959973,0.0022554282266110735,0.0011669793420189768,-0.0019920985969650398,0.0015622317288418288
2024-08-22,-0.004571875914359294,-0.007635313520515395,-0.00634852479470061,-0.001513399140838611,0.0031816290990906615,-0.003522135961322908,-0.002627048791588779,-0.014529315582674352,-0.003177097864425802,0.003858368114815013,-0.002272167992822832,0.00024448420583529764,-0.002240101287387056,-0.0026295911324032504,-0.0026253790807924914
2024-08-23,0.012737272952166452,0.016372966555090396,0.012318894061844709,0.022243056304902538,0.014167082761905316,0.009965388482792008,0.013288011422771915,0.010398099764862112,0.014971199950416838,0.016849704018250946,0.007475464244025496,-0.00036628566522538166,0.002564050460302819,-0.0004878478337667782,0.0069009361308070664
2024-08-26,0.005164162021376206,-0.0016643824681353012,0.00045689328428542137,0.0036959320397630434,0.0023458802479507765,-0.004349746924592493,-0.002311117285951246,-0.005382984263204451,0.0009293237434275477,-0.001420793339297265,0.0015985032965528266,-0.0019519932923036988,-0.0020406932219771013,-0.0015563567092901423,-0.0027748175891150985
2024-08-27,-0.003924227853283831,0.003647105139718437,-0.0030615446194144566,-0.010092909899729973,0.0019458666725924718,0.0026548730073339484,-0.0012134922651826786,0.004760275880659644,-0.002906783309624243,0.002838956789062976,-0.007837437324503867,0.0009443063954769669,-0.00024210558983594658,0.00024511836365300333,-0.0016532940149184738
2024-08-28,-0.00301008535904811,-0.0050036418127004986,-0.006120826095386855,-0.006469581062212004,-0.0008466132066703681,0.0004424980848048107,-0.0017160674464905801,-0.008307120469694703,-0.005891906139293233,-0.0040304537167624764,-0.0047658923955519955,0.0003840794892638893,-0.004620392173304014,-0.003447489126382232,-0.002156553710939382
2024-08-29,-0.0045326211245693354,0.0021485392487472113,-0.01832819196191761,0.012689764233542622,0.006187607919752301,0.008997721805922272,0.0049130978747989355,0.005027534814053029,0.006724053114150368,-0.0038299780258960006,0.00443028317121691,-0.0004960168279469514,-0.002876442608927037,1.881802117275656e-05,0.0016292027537173667
2024-08-30,0.008824193547527738,0.004067589610063202,0.009495155571562582,0.004026495924586688,0.006765634392079441,0.005045315021833251,0.010722582522821864,0.013020088805058568,0.009904347976917499,0.008867237907009743,0.006801425795772766,0.001785793447610098,-0.0018973867311355512,0.0008967163666146639,0.002060865193345789
2024-09-03,-0.018535522426719898,-0.00809770311007792,-0.005859589911724908,-0.03607358399729844,-0.008321732237998676,-0.01090644920436495,-0.022560710729563147,-0.031783101427064815,-0.027460231996844577,0.0028619089854588576,-0.009731772841304082,-0.005173955309915227,-0.0009908987722890574,-0.0025099308728743328,-0.012234211418584133
2024-09-04,-0.0020719847011230774,0.0018823122531859417,-0.0038615519880491507,-0.01565828443333251,-0.0018684081178687493,-0.003657577730249906,-0.0016701238606797435,0.0032634939915687383,-0.005568852169266423,-0.0001241430378139854,0.005833732679122863,0.0004973766264414249,-0.0017298118980540128,-0.0003050689931640487,-0.0005459261809500632
2024-09-05,0.009031507215613447,-0.002454038630353171,0.002924710677742028,-0.003555213974371736,-0.006745338361886057,-0.009767093560733733,-0.011547692582960544,-0.008327365522310162,-0.009070701743061065,-0.0038606327822574547,-0.0011440084189147316,-0.000719874051765364,0.0019652993384530896,-0.0009544144184983858,0.001208049855309124
2024-09-06,-0.013759184862452069,-0.007276977718446659,-0.008212155157890595,-0.016756367583551337,-0.019088159272322363,-0.009335585013003191,-0.010742324927566773,-0.018311659796072407,-0.01258924046762361,-0.0035685408276310217,-0.01557711700065839,-0.0006061311842351759,-0.002270074479696309,-0.0027813698531625893,-0.004849112380202461
2024-09-09,0.002584358279275837,0.008900332963227233,0.007302911509874896,-0.0004420762430296677,0.013915399983797967,0.0093591612368683,0.014949519150071155,0.011271834739402298,0.008093113283713543,0.010332503544026655,0.012001101742246391,0.0019975930731869714,0.0005253295030498541,0.0024494657381528575,0.002435399477886619
2024-09-10,-0.0033491955528118828,-0.004882552474870592,-0.004810937741927891,-0.011157787191035062,-0.0067391350268447055,0.005938832818466258,0.0033244284306626452,0.003395702537973813,-0.000806610979064604,0.016107976371134616,0.003920525779598876,0.0016843783022873675,0.000416159251644631,0.0014517907321289097,-0.00022965249930439576
2024-09-11,-0.0009526874370163306,0.002954071613957525,-0.0031536650793350563,-0.0029889598557461556,-0.003393114986234988,0.0020307734749267976,0.004209177868949684,0.012364226226488102,0.007074586982028303,0.0017351499728927768,0.01070199506877842,0.0023103196740781153,0.004148658691036033,0.003655998222945072,0.006335639160789762
2024-09-12,0.01690432714867326,0.011492189303066272,0.009836884751355978,0.008733012311709103,0.005688785734534971,0.002415189312895301,0.008133401197250804,0.00031277742800436934,0.00982811394824122,0.004455293288369114,0.0020343084629146886,0.003215740138969596,0.0022942412236930184,-0.0007167717056593959,-4.022494067604623e-05
2024-09-13,0.01812349731172715,0.010938741930046575,0.01397607999154983,0.008458399731878724,0.008141055236813499,0.007112085124499256,0.007902322019051123,0.008658366873466765,0.009329238233141296,0.0076082577112171436,0.015933727562282608,0.00042785092949646007,0.002525884584511817,-0.0023023772111389826,0.0029344597784563926
2024-09-16,0.010845892175189116,0.006327648835878275,0.0053196874036764595,0.012855228567481853,0.012316815586545371,0.008216721956331568,0.005920627318315044,0.001291968965146821,0.006645138410187078,0.0010749021846431978,0.009160731843955182,0.00018485788545858592,0.0021779999483430208,-0.0020350904658222313,-0.00010134205219958348
2024-09-17,0.0008518855007397004,0.004155328536308277,0.0016752867834717113,0.01833891414425698,0.004878554165707252,-0.004278697581910024,0.005162964005966467,0.0016676710651164419,0.0024766434155874075,-0.011528321006827762,0.001296126374810156,-0.001256893660997487,-0.0007051392222647044,-0.0007253688910658733,0.006054718384817024
2024-09-18,0.000489909518622079,-0.0009761913413667614,0.00035177201401926614,0.003258763512157867,-0.0007853178317204072,0.0011975635299223703,-0.001202147899163933,-0.006907240519839216,-0.004444828427643491,-0.0016204868775581281,-0.005565364646505306,0.0007101770778081845,0.0010513129014877568,-0.0012263119687059205,0.0017200782187632214
2024-09-19,0.007795073432775724,0.010495417431699077,0.004927144424523446,0.01928018526660759,0.013173803385959472,0.01011035010671776,0.017288708627274777,0.02031635029676387,0.018321309641163182,-0.004567507731451044,-0.0008921963704854359,0.0008267072239429313,-0.003071538965347235,0.0019388438702885428,0.009975343642964051
2024-09-20,-0.006664528679504812,-0.0021120690804563406,-0.001968224017306377,0.0011200343769517988,-0.0044227278359208425,-0.007700396669056425,-0.006011747641246119,-0.005758707088976136,-0.007896506626794777,0.0016195850790690883,0.02219975791196413,0.006468450393106416,0.005168373672693725,0.0010829770867834825,-0.005680023358459433
2024-09-23,0.0021848374725360045,0.0069949537782001085,0.0045573865483253696,0.014297015703922882,0.0018049157030456166,-0.00206151195783346,0.006981083850027787,0.0040627408779872615,0.008306933295516334,0.012416831222188656,0.0072826214471508515,0.0008966415312912697,0.0020342379090268576,-0.0009915813724038491,-0.0017873961349752152
2024-09-24,0.006343539974414368,0.009373427343137222,0.0002663984404819362,-0.003478798271653862,-0.005034024115457206,-0.0028896625794973324,0.005426579493126672,0.0034391938968808366,0.011709434834047863,-0.0026464081548641556,-0.005572736981467951,-0.0014856925119846945,-0.001186027021236144,0.000281112061917345,0.0027963751113246034
2024-09-25,-0.00524877342959242,-0.0064476662511375295,-0.006601126621316317,-0.01715213369955164,-0.009102277591206602,-0.012361278722990624,-0.0037065335435566963,-0.002359204332285878,-0.005727260274601465,-0.0029523687002463235,0.003603677284283812,0.0033872197642306184,0.001825571454171948,0.0013355232568193383,-0.0039356878706048445
2024-09-26,0.007642152980678698,0.013788065612779208,0.010755909582955749,-0.025730946348543657,0.008703947097587383,0.010875078502187163,0.007845803812100047,0.019724322751191813,0.01767735524600675,-0.014967926406107588,-0.0008831689589917154,-0.007095946524089209,-0.002736236727990801,-0.00075084725290235,0.008098201215226435
2024-09-27,0.010725458815631075,0.006435150472096253,0.004008802619405333,0.018296110045924532,0.0056295704897474695,0.003014987009737617,0.001907493524104109,-0.00586857382211091,-0.0007297501252996428,0.0009572760290506626,0.010388360553041681,-0.003357335906005145,0.0007642140816433152,-0.0011061944058561746,0.0010742348664745523
2024-09-30,-0.00355924706743022,-0.0031607208581611885,-0.0029865322090370243,0.004802869519638825,-0.0006405509079822669,0.004706147087923615,0.0014375557212699679,0.00019785216132000807,-0.003409892260008839,0.005439647667753518,0.0032240187827812412,0.0030657537150163734,-0.003232521594874635,0.0007285762202978353,-0.0008611810614407112
2024-10-01,-0.003386011521506537,-0.0018483334454088049,-0.006718999799082694,0.019041725109236882,-0.006742257878572334,-0.012837958483586296,-0.001896476849774435,-0.017224691410659417,-0.0013287824196670354,-0.0064529221439679684,0.003725166006340677,0.000866154839337566,-0.0007280400663338671,-0.000784531738420251,-0.0049037681361521375
2024-10-02,0.00010552937557789041,-0.004270994945716294,-0.008444401930512758,0.01421010745797236,0.00027204064052383463,-0.005025136888626479,-0.001548872682675327,0.008754321179629118,-0.005684996099896968,-0.004631377848350917,-0.0011418520297016412,0.003158982757439849,0.0002569850661485677,-0.001107867988560038,0.001593562845565145
2024-10-03,-0.0077971523061239265,-0.007287897143554819,-0.011672135755527219,0.02591710660504037,-0.003965944374684029,-0.012023594093076972,-0.0040072348755961235,-0.0008056131572262249,-0.006998879203336159,-0.007125921504013847,-0.001653291889067162,0.0021206473455411745,0.0025605915855073614,0.0008748870695717948,-0.0017248372098320906
2024-10-04,0.005710053626060845,0.009040358941777182,0.007611805885861381,0.009691282940168935,0.0182158873678639,0.002569499659452431,0.005864235275765573,0.00721139599846039,0.009084196285130918,-0.0019075100845197552,0.0014327039267846688,-0.0006017601563789061,0.003717893277740459,0.0014407498534913488,0.001012254973945256
2024-10-07,-0.008497551459108231,-0.010902559537124365,-0.005004154841343325,0.005902257945838536,-0.014671729753515729,-0.008946469407873036,-0.0016386707260527228,-0.00988381224706195,-0.004133941712199073,-0.006989029353815741,-0.01653427609896779,0.0005112270277724823,0.0013869873970878098,0.0009073058272846354,0.0032470367700158514
2024-10-08,0.008656446535740197,0.006933446491491759,0.0012339820176518648,-0.02297109914291706,0.0068200757361205925,0.005507410284540024,0.002872910891460503,0.01179666423807884,-0.004225346860633522,0.0035931963883250153,-0.0018949180364560723,0.0037591211883969376,0.002285307092361684,0.0006116971159016192,-0.0026731858225503475
2024-10-09,0.006368820578325568,0.008143308084511067,0.002829718622479565,0.00809306737098594,0.009871708334553309,0.008841775184771231,0.007899578423711813,0.01253206708283759,0.005909304732633718,0.0018187133435926906,-0.008966547646141491,0.0002640015524685634,-0.0007330285538217127,-0.0005996985676797745,0.0007516017279445645
2024-10-10,-0.011897565973369719,-0.006186034208516539,-0.004370546530864421,0.006976054121368239,-0.002036350455713061,-0.003962990215912878,-0.0060141084350846955,-0.003585777114290899,0.004501494104587921,-0.007282979801211224,-0.005255237960270013,-0.0008710692121248134,0.0010878453013248987,0.0010363247120263406,-0.00133807818366181
2024-10-11,0.005864747532678724,0.007436059279391562,0.008320392315652621,0.013860927520322539,0.014926187757301148,0.0073763254197705104,0.01537641426967127,0.007341362999952354,0.006404757840979929,0.00921339719543796,0.008516636824024683,0.002978723532243102,-0.00023642421064413215,-0.0007238831888456186,0.002217103213027476
2024-10-14,0.00560595235643948,0.004569467568351653,0.0056490444703522335,-0.002118945002467127,0.008720244585283476,0.007110166601837216,0.0069947588061177795,0.00708428125550244,0.004452167365064043,0.0062207363622259456,0.011803282149379393,0.001616942361857183,-0.0018126418283814477,0.0004864745701229017,0.002317943888041208
2024-10-15,0.005802433855244747,0.004115604218473713,0.0015679646773174008,-0.032101112334693316,0.0015185392105942993,-0.004781892949661921,-0.008467466830748584,-0.017122793584253858,-0.003890156930226617,0.009225940817497471,0.0026112720821013,0.0013385457975738618,-0.0006630807238984899,-0.0031167274289669515,-0.0029186359627810018
2024-10-16,0.0028803851374789636,0.0063322174850588405,0.004739918702049419,0.00585397421580679,0.010739703772419226,0.001034947165465336,0.009111307295140637,-0.0022388035772404006,0.008227928694997524,0.01061447660120049,0.01926208038970245,4.034809672309887e-05,0.002342605536098644,0.0014998590709981315,0.0008919607154144406
2024-10-17,-0.003406174052780161,-0.002143031409345399,-0.005092688751394658,0.003707041870526811,0.003455633148592843,-0.008495940005919578,-0.0013162660180319476,0.0051101507218572215,0.00045668636085749063,-0.00564486895403312,-0.012350472668996549,-0.00042516791727990465,-0.0018790508107513813,-0.0009867793311650634,-0.0010867608098326421
2024-10-18,0.006541248149715076,0.00500626884841349,-0.00021413207303037625,-0.0036291333073469154,0.0019533365678190448,0.006111401252010138,0.002525082844003815,-0.00222554507436773,0.003832430371560177,0.007770944399336383,0.006689117015522851,0.0004804079436256367,0.00035845264957015975,0.0006649070351443468,0.0004172852572972876
2024-10-21,-0.009488637995227207,-0.008339503129990506,-0.011670046530879231,-0.0036710870753484354,-0.00980617232208586,-0.013356825358487116,-0.004217478953024009,-0.0036615579779782858,-0.006875436426197726,-0.016714878346548227,-0.005149065425594901,0.002104689278667801,0.0036049040247660316,0.0005133112702051328,-0.005161497008687454
2024-10-22,0.00019327303034249397,-0.011374999122535964,0.001969707151633276,0.0005960809989016122,-0.0016828641367297146,-0.0027523122784458096,-0.00913285619676261,-0.005956112530190619,-0.007522950173510957,0.0024039325800369804,-0.00204100059015709,-0.0008073134520810639,-0.00020194850477536942,0.0017515420083181006,0.0009905163357059698
2024-10-23,-0.0016976256513690302,-0.008269616370879945,-0.0031427455555721987,-0.007055074350004549,-0.002575707730854912,-0.004587929843901635,-0.006171156689061356,-0.007009713651266972,-0.003141661859379613,0.006486771337458639,0.008273913491265618,0.000732330468006449,-0.0026331693669987112,-0.001967937169777528,-0.00016995251958374462
2024-10-24,-0.003024347889690494,0.004445138149177272,0.00020387618474856193,0.0010095004316085475,0.004732707023783003,-0.0029818474270688227,-0.00482939490347787,-0.000330576498692759,-0.00815771836775382,0.0047041113466434435,-0.0005183976028184604,-0.0016563867790401394,0.0030942147742651516,0.002531841883876231,0.0010703102699690236
2024-10-25,-4.326346846848556e-05,0.0011694353793951973,-0.006157853913770433,0.0011342394287047648,-0.011387429149997273,-0.008021804687348177,-0.0024941129757504532,0.0021177230296204087,-0.00559568066488812,-0.008701090373077026,-0.012530659713535225,-0.0017031865231690504,0.0016265637411852648,0.0016933122456514774,0.0006289615136034928
2024-10-28,0.0066757060911867725,0.005892282506719878,0.007514235447573908,-0.007330565279430029,0.013469259001102761,0.0028508901687867346,0.0059956374920887194,-0.0005030371882441303,0.010024258971542086,0.0021085131467142833,0.008933188141062812,6.435931648522953e-05,-0.0005266432658830213,-0.0011935250077609073,0.004458726701682329
2024-10-29,0.00540865662156458,-0.006079540544059052,-0.009924523563887252,-0.010107906033807077,-0.006256956655049194,-0.0005667984121011548,-0.0025065574177645044,0.0160650723910641,-0.007097696269312268,-0.008806428514565236,-0.02010886083554078,0.002438490929673029,0.001054203799399445,-0.0008038102988193721,-0.0010850333758874208
2024-10-30,0.008353539521255643,0.002403175560305079,-0.004775773872219293,0.008050080903819336,0.00042788454084249434,0.0030567021022970082,-0.0029695483401389815,-0.01451790378681794,0.002271513200250587,-0.001662395478188,-0.004430310581434925,0.00025068607238302917,-0.007242660115183821,-0.003016489452256805,0.0015828637110320903
2024-10-31,0.0036534948212388636,-0.008356903994550427,-0.009433165033862986,0.0018082511823987765,-0.019353041748539114,-0.011430381757155264,-0.014823601446668324,-0.019815664429174415,-0.008129431622293548,-0.022248776435877353,0.00532247388387634,0.002686346626786122,-0.0037133512436699975,-0.002131470701844359,-0.0027268116576198184
2024-11-01,0.005302397929938371,0.002503129020725345,0.0005425254919936353,-0.013861432083780769,-0.0024186445877862075,0.012782091237223106,0.0013692600090496753,0.008092942039862668,-0.0032664406954501426,-0.01200947280785766,-0.02252050757149968,-0.004419076619942633,-0.003526635175207807,0.001097692513855072,0.002798744634683388
2024-11-04,-0.0009626911093812291,0.005570984598720264,0.0020021949049441336,0.018389410000729686,-0.0037558992084937215,-0.0009908636426858193,-0.00017532864183028273,0.000332575063826704,0.003222329513820293,0.010095393684127358,-0.008498538682917943,-9.890392776245195e-06,-0.002092787118504805,-0.0021932055469269214,0.0011257834387508336
2024-11-05,0.010300283676577501,0.008463658381819776,0.012472937225116778,0.015007245288957926,0.011903055334047393,0.012057977197755186,0.018602696115975186,0.009684182457967446,0.010044426704181505,0.016343062740490737,0.015637851323798562,0.005515859211286503,0.0029276474523570193,-0.00019806615014299244,0.001630443211691615
2024-11-06,0.03462707127697735,0.010862950322022294,-0.0043233393825737486,0.051974907078208364,0.058887333514857206,0.009687404068833397,0.033244780923338504,0.028787095636204175,0.008652242910092098,-0.0214180956520917,-0.002984081631767938,0.0001433068522823403,-0.002485062453175064,2.6461045530451882e-05,0.008175955372525176
2024-11-07,0.006933161642213823,0.008368744540518986,0.0012370316060164876,-0.0065578024024896585,-0.014225411590251895,0.00692772219055975,-0.003317191348475758,0.018627648449320806,0.0082101637704258,0.014280010028331677,-0.0017894299507575976,0.0060677039296229505,0.007603565674832597,5.194241165418806e-05,-0.005039039317622673
2024-11-08,-0.007442826048007063,0.003023546124521049,0.006693684924043367,0.011957019183395833,0.006109062035044212,0.003133019984128605,0.012300018818581242,0.0016197856899296736,-0.0032437064320647345,0.016464608193887856,0.012660188065644012,0.00861746474080983,0.003303832800657521,-0.00143262820343343,-0.0058489378693681645
2024-11-11,0.009347264765419817,0.006572346246287846,0.001814963182159833,0.014343240829067655,0.0186858830524007,-0.0009097653233588035,0.008795891164742997,-0.006236995845927115,0.000988621770901484,-0.005418708475231761,0.009722810732307392,-0.001058245893780522,0.0018172563611803542,0.0004809605691963788,0.0022616921719195776
2024-11-12,-0.002620642460536745,-0.006370143019691081,-0.002872560835763627,-0.005837349111576279,-0.0023498889118633544,-0.009328105111912358,-0.009048064760298258,-0.002547531682545604,-0.02016374584227713,-0.013982667300382638,-0.01316908872239149,0.00131363212120422,-0.0016652614977193637,-0.0007731214284759526,-0.004383301508877623
2024-11-13,-0.0019162959359975767,0.0033022732552623582,-0.0016654374251872525,-0.0009986217558607582,-0.001545199493894067,-0.005605134186621817,0.003141391569589037,-0.0017511338771878642,0.0015778296284799651,0.005929512843354065,-0.0031143509865466695,-0.004043189143501214,-0.00289368967109857,0.00040513029198056214,-0.0013381362908780443
2024-11-14,0.004363156954817354,0.001362507714318393,0.0006661235807582672,0.0003093129532150141,-0.004338808797800511,-0.016285034091295367,-0.016698324933050436,-0.01038667328495557,-0.009378232810890305,-0.011883114264408863,-0.004436279827355976,-0.0005316879215537534,-0.002412785491962012,-8.957157929242178e-05,0.0022913607709181944
2024-11-15,-0.017214676565351167,-0.010639271130875514,-0.012836439420912293,0.0005421273709464877,0.00408065889281949,-0.01680273924566098,-0.007471761178376661,-0.023260170392075872,-0.004363213899772769,0.001059117392391517,0.012884982337704066,0.003929695047249323,0.0035331949481886642,-0.0001622773166488581,-0.0034737431747624884
2024-11-18,0.009319451620984133,-0.0010155153079048898,0.008352522623232295,0.016983702009532458,0.006548854095457955,0.004836477244950626,0.0010191966430223012,0.00200802017222193,0.007196115560666665,0.009525885136812504,0.009321282653266913,0.0003923575410470904,0.006217994075569702,0.0009753722682769992,-0.0010484437514822426
2024-11-19,0.0036894195863279005,-0.00860728859755961,0.003439082040808262,0.0037051285997508903,-0.006658131673867588,-0.0065403836069562165,1.0380281585356102e-05,0.001486912943354749,0.001926421533843668,0.0073934347823791415,0.006365925433453394,0.007530464584581484,0.009051795396395973,0.0011900403082807187,-0.0037374470932855456
2024-11-20,0.010487399062115536,0.0061582454954400186,-0.006063340245941214,0.010183467674586433,-0.0006977322401887265,0.008592819810337072,0.00027584182286176666,0.004838563958409063,0.007639124992193133,-0.003653542177310436,-0.0014894011908707144,-0.0007682397638490829,-0.0020595899894460044,-0.002882784806639861,-0.00039041874521694606
2024-11-21,0.008672079982622538,0.009592125863983074,0.009870322885909489,0.013226641866858454,0.012046336948170089,0.010769824683194821,0.01329566801416317,0.02027711456184881,0.0104605206376118,0.007111438648861778,0.015606899403178724,0.0004749697738864684,0.002412435771097175,-0.0030906030885982333,-0.0004962050672128596
2024-11-22,-0.001530193977656908,0.013684088648446991,0.010305894745168999,0.008232187491499765,0.01190956437647429,0.003748104086915696,0.011578608555641473,0.006743517461071939,0.0059167954558578045,0.009256037692988288,-0.002373442624892728,-0.0003140774336129979,0.002906975448039961,0.00024898350896283367,0.0013108885206492302
2024-11-25,0.00559339588561275,0.022839483695146347,0.008991146362847804,-0.02523009007946142,0.01068117833528384,0.010922389521478365,0.010046950432615847,0.006018389064239143,0.006635196411589292,0.01253373448596572,0.006926849488005742,-0.007114609710182176,0.002732097918471396,-0.0015497770816838125,0.004568400860499635
2024-11-26,-0.00020361842744066156,-0.0048760012742663774,-0.001967428752002828,0.0007942508518186448,-0.00039963985566367075,-0.0008132472817444393,-0.000935631546039337,0.0033858286289264604,-0.0064381006205092225,0.0036784234373091864,0.004402380157383727,0.006994320242590194,-0.0010979447867223227,-0.0008890492370860148,-0.00826017227181462
2024-11-27,0.002564773327793108,-0.0006588042618748012,0.0008172373073762188,-0.0029702516952175443,0.003931372933329841,0.003543161026539248,-0.002787407223613516,-0.015512172052077288,-0.0007993704904811295,0.007148153903175522,0.002545665025657898,-0.004221590228343979,0.0001665722851571306,8.779147504534518e-05,0.0008447706358317989
2024-11-29,0.005452192937201311,0.006810977240764068,0.005844278962932544,0.005082208539862875,-0.0011071653350706613,0.0024943745983170055,0.0024726906286926054,0.006480290124619575,0.005113699450143185,-0.006371051190163575,-0.0006212119696021874,0.001060734878016507,-0.001130491303441159,0.000332677899686829,0.001517579393370522
2024-12-02,0.0017884833288617258,0.002779483936497818,0.002406435248333053,-0.01672324496374567,-0.006626691992953175,-0.0021730280196354122,-0.004057765788264962,0.007772354803416144,0.0002967733596787007,-0.00981816051219622,-0.014032396759950478,-0.004967556188347532,0.005707273784958693,0.0020544371007164284,0.0027698740561648357
2024-12-03,0.003000702837077495,-0.0044606927981054485,-0.004245100785821177,0.0042088735592040235,-0.005225061971255378,-0.0037995337635720852,-0.004368323918563916,-0.001524204607189997,-0.0011823207528476574,-0.0059549857606927895,-0.009442326905351583,0.004459810553467347,0.0019578410916161453,0.000562124279042352,-0.002746249440997628
2024-12-04,-0.0023357020137845094,0.003697303876074319,-0.003995431877259881,-0.022769748331146557,-0.0005237886187815188,0.0011402962668893226,0.0032678821625173556,0.011305187591570674,-0.011393201789601714,-0.0010962850065195406,0.0011242799266059178,0.003659644853578039,0.0031400746330250283,0.0016016383402300113,-0.0025135468858369014
2024-12-05,-0.0011973518312373877,-0.0013778748729975105,0.001023377835133292,-0.000764899936884373,-0.0016327897636861921,-0.012636848479715032,-0.008051358837098767,-0.00969954749392699,-0.012984802715080877,-0.0035586301085248208,-0.0017684934412456551,0.0028323082322472964,-0.0004045541295518172,0.00019725317093056337,-0.0036252818901133604
2024-12-06,0.0057967867689600015,0.004835644241851664,-0.0005287015932908485,-0.015778608424693936,-0.0008819228024220526,0.0006621583608572585,-0.002926470445064063,0.0038242823110008458,-0.002544555773748253,0.00376359313750635,-0.005896990695721013,-0.0004702124833301337,0.001433273416355238,0.0027668592994637507,0.004466843179598742
2024-12-09,-0.022639360363893038,-0.002278306079312716,0.0013215076859955542,-0.004958334494107837,-0.011619539735005607,0.0032632412429634754,-0.008922075454724976,-0.004704164670869717,-0.003360904470739143,-0.0022532691153746734,-0.009077660671748613,-0.013089943083814311,-0.0048785770903413935,-0.001640823614903406,0.007065827614255319
2024-12-10,0.008141006142934152,-0.002697455488900803,-0.0022041641359484753,-0.0129145792324028,-0.005251748430800866,-0.008841340033940446,-0.0034321833331391063,-0.01353939048130104,-0.012810986575068099,-0.015720066173351747,-0.009508040810829423,-0.0018012115004909814,-0.003992022130412861,0.001101212360596374,-0.0021437727276284856
2024-12-11,0.007908029717468552,0.003952307042090601,-0.0022596780558815127,0.007940731112640435,0.0025828312348853775,-0.006054795397802269,-0.0013353037905287151,0.007242178298168182,-0.0011728451448632608,-0.0010018924263692085,-0.002330848487150396,0.003292288890958644,0.0015319925429780152,0.0013201021001204595,0.0029379663955617177
2024-12-12,0.009863943800406188,-0.006834203644413204,0.0029556340811462724,-0.006563125964012465,-0.003978741124463757,-0.004521661986864626,-0.006232682034807167,-0.0006146136255796884,-0.007254966949972315,-0.002051201052248815,-0.0017516606716539616,0.00024536395896934297,-0.0006628081674425027,-0.0025621080654838636,0.00021138377600011697
2024-12-13,-0.013012683435700343,-0.004382704613872581,-0.0036363931998202956,-0.005496241969014036,-0.002200421196372946,-0.005173703212779949,-0.004398340111469049,-0.001617140576179789,-0.007847124628654506,-0.004355840787056353,-0.0006779377710438384,0.0026339509312277723,6.180164851450256e-05,0.0017343003442235026,-0.0015235059229605197
2024-12-16,-0.0017493686071105997,-0.00568983733428899,-0.003376928361823048,-0.019126455268942077,-0.0025836060032834052,-0.0067342954706293735,-0.0024007431539917767,0.004315040471701657,-0.007481549319785284,-0.001959741132818341,-0.005694261268274263,0.004992976373009887,-0.0012649336731057532,0.0017940016516363349,0.0025221847847135903
2024-12-17,-0.007431589072364058,-0.0024638335599481715,-0.004078276970385521,-0.01156805310601311,-0.010184393497805247,-0.006196147872624993,-0.009448593349808618,-0.008087735971370772,-0.007414775205782567,-0.00630265068639678,-0.005422701878244775,-0.0015483043792080494,-0.0006881837521372445,0.0017436647534499173,-0.0024322483955567134
2024-12-18,-0.02825560848626671,-0.031019695035222287,-0.03042714184982419,-0.036880276746720064,-0.033252383338639564,-0.02582785681008055,-0.02751094238661161,-0.02687948885203794,-0.030390408089527542,-0.04413170737713315,-0.032017782277516275,-0.0036966679326033937,-0.001128911141486233,-6.886916988767552e-05,-0.009407094772868194
2024-12-19,-0.0038606099696638693,-9.797681583642104e-05,-0.007765744189457388,-0.009555816671325205,0.0008855867963395846,-0.004089572266293135,-0.00454868827231725,-0.002485888934259177,-0.010268240482536488,-0.01567326074302552,0.0031488274148651386,0.0021716472306499094,3.376548030359317e-05,-0.0012141071779747273,-0.002430951344944353
2024-12-20,0.005847197392953291,0.015278478202395815,0.009482752290663633,0.014441980643716247,0.015624118943545923,0.015438883378258965,0.0102900294462165,0.012921759080626191,0.010132782326112007,0.020325850412632563,0.01570886134731853,0.001959769106687242,0.0028900357232323967,-0.0013300860468757726,0.00036871888804231604
2024-12-23,-0.0036882790695553945,-0.0029138648573094417,-0.003129561303633141,0.007939646887528472,0.0027233302671458397,0.003066056379258768,-0.0014720092480016527,0.004583642827770305,5.678782754048346e-05,0.005740712169640327,0.005435628786728808,-0.0021117973685672617,-0.00010068910316749933,0.00290630928037443,0.001214797888152526
2024-12-24,0.00916014882595979,0.00925402427417331,0.007551554450019955,0.010914737678300443,0.011555242497844226,0.0049282113721174125,0.007748038319669356,0.006219263515174798,0.006474357212503346,0.008944168639690723,0.007978289151058422,0.0005337743104107037,0.000832032521931835,0.0015609422859294184,0.0015369848843070357
2024-12-26,0.00031065278941162664,0.0021974432937321305,0.0009910990139957532,-0.002301787267107551,0.0032330507089200528,0.002161951706544264,0.0006868007475169506,-0.0001303320090833653,-0.0014258702214292847,0.00033033285839857924,-0.0020954626282212543,-0.0004801609617483826,0.0002545140664932189,-0.0006432024979927429,-0.00013557000855933516
2024-12-27,-0.008156163616517303,-0.007970141339475895,-0.007463038385986759,-0.001290492649519207,-0.008731049833491501,-0.006481090039046394,-0.008126529321322016,-0.008521474196505407,-0.008482774575790095,-0.012115344440399875,-0.005578086265232756,-0.003001846216923928,-0.002038029207219628,-0.000829680960294575,-0.0013109069436745317
2024-12-30,-0.007883400974877426,-0.010725233093487925,-0.012086951291646837,0.005310194525213287,-0.009649084532869523,-0.012786846632838252,-0.009385473265825795,-0.013088110342721481,-0.012968496833820045,-0.006286285778477368,-0.005232618254205651,0.0007287764602517917,-0.0006533609543399843,-0.001150037669964141,-0.0008063363720495952
2024-12-31,-0.0012040347121037107,-4.795081459092396e-05,-0.00017205487312288475,0.009990766005863908,0.0008763106879117351,0.0010784081959742343,-0.0008351259601177879,-0.0017800513646931226,0.002647363988929547,0.005025972923535243,-0.002234405984053135,-0.003978590055109085,-0.0006475377135084896,-0.0016834544564051038,-0.0008192687004428688
2025-01-02,0.0006157439045719057,-0.008236607097261258,0.003204870945164355,0.018892479758712524,-0.0016729619075712533,-0.00042971963557596367,-0.005627357793786024,-0.003337321155954585,-0.008402931480880498,-0.009683513446685794,0.005631980851589117,0.0047342857693467785,0.004122508212748438,7.515043270471036e-05,-0.0005103478582545708
2025-01-03,0.006032469020106127,0.00124419871411049,0.0034653314437288595,0.01171578380736826,0.009280623521919594,0.01381948558981157,0.011535864324910824,0.011362433920061128,0.004856455407321536,0.016753108068811296,0.014807891296899245,0.0007985720119498457,0.002812258291435177,0.0020041422562790444,0.004097667407377605
2025-01-06,0.004350919145822323,0.000432427957479596,-0.0010985320999168835,-0.00022612894878350865,-0.0031255416757677962,0.007971146675519592,-0.0021476138760932427,0.0025395805078953356,0.010321871201314165,-0.01536197283422813,-0.00612631114465693,-0.0004731373458672574,0.0037301578754350925,0.001571847393966724,0.006653248224046455
2025-01-07,-0.009383338055306336,-0.008515765065237928,-0.012103641309898558,0.008561306578410312,-0.004210834915839175,0.004703807433746527,-0.0017046471451959324,-0.006977654734750959,-0.003490494653551688,-0.01337945226447345,-0.004328147391648099,-0.0031627165111727286,-0.002346766693793773,-0.0017380764303525365,-0.0020674697152930784
2025-01-08,-0.0038919950959839596,0.006476039222820376,-0.006034189641204503,0.003166546940948392,0.0019023289977826631,0.0035061524695527827,0.004440700560687815,0.0028636766906023543,0.0009329408658201971,0.0022941074585447084,-0.005316084572392199,0.004695917111195325,-0.003065858896848018,-0.0010336034523279558,-0.0048626293162597
2025-01-10,-0.023345903555103735,-0.013802894258557737,-0.021423053344787103,0.00273718919550731,-0.026935488564007775,-0.011161314336522996,-0.010397333263753444,-0.022278268128032193,-0.006931328108465326,-0.01852760189106831,-0.013154814361218526,0.0012808245024669225,0.004872023811084237,0.0011307269616240533,-0.003299689098717111
2025-01-13,0.00809374658661965,0.005361253166076808,0.004889607887466695,0.021724211123094955,0.006539704582208129,0.011803375583581837,0.0104079302662283,-0.0003443697146344386,0.02326517787610264,0.011006599428100644,-0.01034462259342383,-0.0028146482459605634,-0.005158756264780325,-0.002752304675620848,0.002141302264656481
2025-01-14,0.002611434888339869,0.0025805661295445637,0.0039627803824606395,0.014227446607259366,0.012124407985429944,-0.002824190081504227,0.011837143180623762,0.009757601042462347,0.01031654703838596,0.0059491041771650285,0.011935504732715005,0.0037264442901202895,-0.002269405354300101,-0.0022383427369972813,0.003140832728899245
2025-01-15,0.009870045683271083,0.005693896062375874,0.004108284163489901,0.01895534981660611,0.020726845836413876,0.005644519560107287,0.0063406328965522766,0.008682148575706742,0.013500541521476473,0.008641924892208061,0.020317200984905404,0.003221447201393178,0.00026974387474461937,0.003618419151244676,0.006517452519046977
2025-01-16,-0.005007414230695726,0.0073538996779574095,0.006549527717970827,0.009603029338254968,0.006874400295100655,0.007302133414519977,0.011481927034289683,0.0015688352570487755,0.006644856825134443,0.016985492094726967,0.021126950204986297,0.002519405286318477,0.002830557945918831,-0.0019519730619091018,-0.003946461923737678
2025-01-17,0.012325263628391741,0.004438512385182874,0.009306734678414898,0.005628312666259656,0.005482814757588817,0.002433613619338922,0.0026801019750376477,0.007021690594847616,0.008144897310852937,0.0025121764605097094,0.006896423108382947,6.61670049444764e-05,-0.0005698599458552085,0.0020012800949288164,0.005854388136625574
2025-01-21,0.010370886129687366,0.008805097607430142,0.009716160176783102,-0.00260290086284427,0.006512303729681006,0.020515909993882003,0.01907391097122494,0.013132999828981614,0.008946468761547225,0.013489534080661175,0.01536536765898176,0.0023047529196323835,0.0016136166623923033,-0.0008424356337082924,0.0015045355448143716
2025-01-22,0.0023127096636788524,-0.005452623204788088,-0.0056588754169734305,-0.015881024105984527,-0.004897582580175165,0.0019843678672686327,-0.003222135272401896,0.015293625805954694,-0.006336610149329624,-0.01519325525461058,-0.02472284246663066,0.0038045029527708565,0.0018813275005287948,0.0010170073893695187,0.0004219847886478032
2025-01-23,0.001097836119108359,0.008101351662183658,0.0034608039562277993,0.003864929344980085,0.0032028969948333396,0.009724084338068244,0.00401514841987345,0.0017711345359909395,0.007701660986145877,0.005761223585504191,0.0015931161330843457,-0.0004336423413075651,0.0015105289567964209,0.0014377396059744474,-0.0005145981399860359
2025-01-24,0.005628725983233497,-0.005528076324352465,0.003805016737790164,-0.00990748462194909,0.005538067461533319,-0.0010852715479062898,-0.003027294915048494,-0.007707212965369381,-0.004150893987884881,0.003431587845618637,0.003989895917890755,0.000913125050222522,0.0006111191341639463,-0.0009331272804522098,-0.0028957562605409163
2025-01-27,0.011038078603872006,0.02100896961763997,-0.0030339303331809136,-0.03760862742924076,0.015257565338541803,-0.00017014361342390693,-0.009544790182364236,-0.018593607135369616,-0.007402042570054093,0.0014859623766002462,-0.024316251522711926,-0.017623729971733136,-0.009812087840504875,-0.002413742036546867,-0.01502675249501945
2025-01-28,-0.0021563865575199305,-0.00031442158610375283,-0.01172321969431617,-0.002317530327413298,-0.002940954725532119,-0.0005004263210695171,-0.00853585510684062,0.004673786375263528,0.0021577001157371896,-0.009479915374299392,-0.011807764726111333,0.007599940698032865,0.0038807686567268822,0.0005414179948515795,0.0009305908851533311
2025-01-29,0.0035284678442098457,-0.0007155494209034922,0.00414353000710706,0.0022966727428501924,-0.0019725097630974913,-0.005527657749656199,-0.005065074306208172,-0.004147037528295353,-0.0018814301088503243,-0.013332804955131382,-0.00022634222677028477,0.002916538890418183,0.0004525886483076093,0.00030556449362175174,0.0012448271198673227
2025-01-30,-0.005430557976956461,0.014069171996298906,0.016002557997173504,0.00691912396940337,0.007505300999674611,0.014268066024415495,0.009802932795920254,0.008124981979578968,0.0041363627434404995,0.015573174906405874,0.019184371011576124,0.003655337088326289,0.001019110002396981,-0.0006674821278906232,0.0031859705742701533
2025-01-31,0.0014222765804968846,-0.017158327831216406,-0.012046416243223682,-0.02377132353651881,-0.005810321066660618,-0.007400852953456485,-0.006870035143505296,-0.00028037564181678177,-0.00948829053035371,7.656370782712748e-05,-0.006664936836150724,0.0006474317831129143,-0.0011985642976038258,-0.00037013288666705587,-0.0010108870954640705
2025-02-03,-0.003109563210034365,-0.00915168415311633,-0.011799554349372677,0.003438484028365986,-0.008142966939018632,-0.003153616896207693,-0.0103785217875095,-0.006232794163805149,-0.004397331050729279,-0.0033410171434602558,-0.003914957823556972,0.004768309903292877,6.825544824288387e-05,0.00010401041737667158,-0.009084522557905587
2025-02-04,0.00190118985849036,0.006324171070227929,-0.013257552147415998,0.020267062000116836,-0.0045794842454318675,-0.0023924873038090482,0.0010513721309048727,0.009371353831806244,0.006361967579382433,0.002382606892114597,-0.007895684731849987,0.0027345224870333616,0.002803872256516771,0.0007711377040160854,-0.0012055182869797384
2025-02-05,0.0016981295788992175,-0.0018013825176104031,0.001527695357520048,0.0038583921220410665,0.0061221073479816234,0.012956639230981157,0.0012208476343539638,0.011966436897619328,0.002411260142449605,0.016192396962418337,0.010298490094030461,0.003842896876394476,0.0014145382674654846,-0.0013642617778911227,-0.00016273285149835857
2025-02-06,0.0017276020885075515,0.007078931783800394,0.005267415792384024,-0.021525495243106898,0.001831675198159876,-0.010553141096055405,-0.0001405264230250497,-0.0029081991052655504,0.003353869839416127,0.006779729227754418,0.0002881036065219369,0.005999065944006089,0.0006330585335973362,0.0009376707156912465,0.00022696521483768975
2025-02-07,-0.000746866255874971,-0.009909018055487336,-0.004710962822027634,-0.0038861383061055133,-0.0015976899291316766,-0.009762412147781212,-0.0022293273965107714,-0.006518146346046714,-0.00902647621033648,-0.0024230876968960964,-0.006616856230219147,0.0013918533672373104,0.004993445759092183,-0.0019004882788179222,-0.005984279752613161
2025-02-10,0.003940232257112817,0.00029265972243397616,-1.2432117764532918e-05,0.02466642464437486,-0.0061161873869090945,-0.006565911245985992,0.011065075441264564,0.008288439911652182,0.00551500849447143,0.0015214431713776251,0.00809162074865752,-0.0012221942900345808,0.00550549037358298,0.0029153945151468327,-0.0039792210972867574
2025-02-11,0.0026452538733738725,-0.0014154969655603567,0.005343317880320554,0.005316530430614768,-0.003951465107945567,-0.008826136062746853,-0.0015028050258187986,-0.0009924914998697904,0.001879577790719295,3.7460818874793485e-05,0.0034315619635510997,-0.003687152125698691,-0.006385098124683611,0.0014517172385398397,-0.0001626257420170723
2025-02-12,-4.6497302554581085e-05,0.0018904853064845347,-0.006101551523286969,-0.025677384671080404,-0.003989106234957127,-0.006846332866136797,-0.008882357259001017,-0.0029226206950082184,-0.007464462139778217,-0.006387762052155524,-0.0004776339024016927,-0.000749708281932007,0.0022934676384460686,0.0023168059608818644,-0.002439414875642747
2025-02-13,-0.007930009908691048,0.012120860945508558,0.01639032914833947,0.009696211433272648,0.008381147777489335,0.001606547434918676,0.0004272552932028988,0.009190331564476246,0.0170790115686905,0.009962504347309924,0.009070154306364653,0.0005456093029369346,-0.0005370655406443029,0.001211558988645553,0.003006088515809235
2025-02-14,0.005342866209651792,0.004906567114305502,-0.004090290096380826,0.006367235238978606,-0.0004655504910395273,-0.00807659936314944,-0.00129910933073434,-0.003895357379013536,0.0032143800277213753,-0.0051620076613447495,-0.0032614855536479558,-7.485156600362623e-05,0.005910408102278663,-9.233631735019528e-05,0.0005304770587074633
2025-02-18,0.0017050176495898883,-0.0002711725810600003,0.002930040670613959,0.015360871805487083,0.009722453698792521,-0.003135669288213522,0.007055098361091461,0.01028885781869166,0.012245364579128608,0.006125380126968592,0.014483774622728518,-0.0058391523132845504,0.0067721220097946575,0.0004978279795766993,-0.0003759062832964097
2025-02-19,0.0026048470745152815,-0.0006463008013883593,0.007145830681107942,0.009556288857754914,-4.927188511247064e-05,0.007368452545602302,-0.0001293561512168138,0.002770122544813559,-0.013803441619293874,-0.0014493326384737376,0.005272076439427361,-0.0028427672331595884,-0.002412826694681094,0.0003253063962489648,0.0003099123643035472
2025-02-20,-0.002906774780829682,-0.004238685125315746,-0.003568356509220813,0.005821613980497159,-0.00878457279787808,-0.0023076084070134946,-0.004677114725933789,-0.005821221807238741,-0.00809479844357363,0.00257346712816558,0.00010281130971161368,-0.008315596032285082,-0.0031249192136561586,0.0002751544907630916,-0.001146269834171324
2025-02-21,-0.013217800808215871,-0.02198550455952062,0.002001876293210679,-0.028207813660899854,-0.015637251428194106,-0.00915179579753762,-0.02044610051101092,-0.022587121171176137,-0.02123056613406315,-0.01293163681464936,-0.0036594191572173604,-0.005146323453083736,-0.005636054151398147,-0.0008914913242248089,-0.006853905055562833
2025-02-24,0.01075694701954252,0.004138292574098175,-0.0010502142038777283,-0.0040854571830594745,0.0011811585026005197,0.006096323883140573,-0.0031466129538348917,-0.004815262902783705,-0.00465160010835011,-0.0004775488476211479,-0.005933562559355916,-0.003296361229448481,-0.0032556236714710134,-0.0036767964676673757,-0.003753534401002043
2025-02-25,-0.014622681854191208,0.01136424845594355,0.00025769377951924627,-0.01850389837231784,-0.002347382980739735,0.0011394371011484885,0.0071601894199316216,-0.003547600601854508,0.002703462350887976,0.004613411841989419,-0.010293273994815604,-0.0004204283060204804,-0.004447828577487891,-0.0025008298428447874,-0.005916153571226057
2025-02-26,-0.0065781071698632464,-0.0016199009055306384,-0.013495037560035497,-0.003099590938041739,-0.0015072175050881993,-0.004138574649245731,0.00010029157534487437,0.004354204972752151,0.0024148714405555103,-0.0016149029904435682,0.007906902146988366,0.004499644702259118,0.004272655763719862,0.0008023806197505063,0.003185835918647563
2025-02-27,-0.004041701311645945,-0.010143567805026104,-0.01210646914356774,-0.005753866487919922,0.0047878605721722685,-0.01550256339481603,-0.00676103464843172,-0.021052601324576852,-0.005890634123095081,-0.0018537926662051958,-0.030116799060136517,-0.0010141004395535474,-0.006049089312549554,-0.0025082159212070324,-0.007036637233751497
2025-02-28,0.012356256386901406,0.01103083425142007,0.012153657623791113,0.018282915792245627,0.01726836283148326,0.008335507123739464,0.011919982609884945,0.004887195221845509,0.005523395828273203,0.011557863515388553,0.018264688326704203,0.0019447595276850737,-0.0011159961802730855,0.0018923910687970583,0.0008640993774901461
2025-03-03,-0.010593515051111321,-0.011403320832208692,-0.010331477928591605,-0.04000953079130077,-0.008488651516641245,-0.006261209785284707,-0.014515815621556813,-0.014247174103125355,-0.027030455351241645,-0.00047455595649963876,-0.008050535518602759,0.0008947114076326125,-0.0070379074421443606,-0.0011829015562992281,-0.009657869972765343
2025-03-04,-0.008548181154669902,-0.019465730527723355,-0.02008825950565904,-0.009891125007044798,-0.03032680916130558,-0.011399239364101884,-0.016809940000381267,-0.007175379936191504,-0.017167921573551917,-0.011486975749931143,-0.01968167591134146,-0.002542313969514146,0.00548363171566612,0.001063654734421991,-0.0035961754744847246
2025-03-05,0.010078161516359999,0.011225238758078893,0.00769699431739079,-0.012555166266535946,0.008603010034895206,0.012253665861909195,0.01614532932720232,0.006606107758177941,0.027078056792756,0.011724305525631164,4.045302351260956e-05,-0.0034730930811195833,0.0011751705727046683,0.0015930246947577088,0.005781819007259722
2025-03-06,-0.011656380238178292,-0.012437417209856116,-0.00956790404012518,-0.009907782281957257,-0.012164905032217328,-0.007062229489930119,-0.006248422914391236,-0.022465397434819744,-0.009608454636116839,-0.03470913800332079,-0.023678450901805505,-0.014261438508020034,-0.006524366973057148,-0.002359115736280952,-0.004162991572732347
2025-03-07,0.006286668054363974,0.0005397723280843541,0.013506002755106937,0.015604438600784622,0.0022725930691745227,0.005258075519892382,0.014759632450524262,0.011889959261270554,0.00112831931232597,0.00855060464684445,0.014796679422987544,-0.0036370932445633003,0.0045450298574125315,-0.0014989340011104162,-0.0022032668099192425
2025-03-10,-0.02467303278467163,-0.015763611891297716,-0.020273697337569375,-0.001657152545986346,-0.026288134779656448,-0.017986780578522134,-0.01582272554486726,-0.02305236316866104,-0.022798825613657283,-0.01885707480378528,-0.0028491943315655335,-0.008563425028301524,-0.005154760319045381,-0.004739263730255454,-0.011123808454473232
2025-03-11,-0.022398966512147466,-0.024478263312461453,-0.012667486422111879,0.0010308666118038405,-0.007829263106095354,-0.014496127966043403,-0.014177770704713127,-0.01131755859801715,-0.003466862359241425,-0.006388315606097914,-0.0031627778859068473,0.0076314143626194835,0.008201282615077217,0.0034827419772050015,-0.0007406396166124065
2025-03-12,-0.0019237868437442292,-0.010041186146462485,-0.010885735781839958,0.010553171956672842,-0.001912650901466243,-0.004953401260197157,-0.00455242852354529,0.0006935976516124209,0.0014462087238990215,0.001096829557564174,0.003511980166377707,0.005526328317974086,0.002266393580410985,0.004826988498985662,0.0064068120673202895
2025-03-13,-0.020403804760073103,-0.0243205563126047,-0.01223413883490434,-0.013832060178735953,-0.0073879735987156525,-0.0123476129563723,-0.010804994406427258,-0.01366743753218447,-0.00590572741100892,-0.02180624281797639,0.00010698148452435464,-0.00483215500075343,-0.0011268956264548057,0.0003080939281419575,-0.006814751553450363
2025-03-14,0.013482501449998605,0.018755147651507365,0.011770237910370194,0.030342833960288904,0.022421744953144414,0.01791672518122426,0.017624444736340696,0.022848338387242564,0.019456586463301766,0.022282937229924967,0.02519470672584738,0.0024542471878343805,0.0021435194002729857,0.00046458721007252933,0.006928323395758225
2025-03-17,0.012705338477897916,0.013733469834619084,0.016029716609803693,0.018936255340052752,0.013533915310407202,0.01252107406150385,0.012295690696154144,0.015330189413026128,0.012121785856359396,0.016166443726388344,0.009385423875195061,0.0006209602391311667,0.0020636908444102826,-0.0014440093157788434,0.0016018272042882867
2025-03-18,-0.007135048553004718,-0.013574240354808614,-0.014849827973385613,0.00041655886773791167,-0.00360206346556023,-0.002132741923619709,-0.008481872982307084,-0.0068181506467699824,-0.0035484460635324443,-0.010147812861849998,-0.007303935885953678,-0.0040888844053603105,-0.00520987624205543,-0.0016370400590263402,-0.0015302100514114547
2025-03-19,0.011026466417358398,0.0134706922783492,0.006463862080058404,0.01691236731521734,0.00961383551348293,0.0021870238099888175,0.011991096950369177,0.007666076306614033,0.0077984937470536525,0.0041953582553551725,0.005979851481832479,0.005945992605989916,0.0031202317901816525,0.0008465010605050445,0.0029825727347349324
2025-03-20,-0.001988332208419896,-0.0027538188678184043,-0.0047310625881548385,0.002178216648974645,-0.0009399134518199797,-0.0027622795625084845,-0.005479026605495306,-0.011199351567592794,-0.006989478944422963,0.0013392868365111306,0.0022072690053843184,0.0029972924059055053,0.001969694060481586,0.001031462696487847,-0.0017737958932834451
2025-03-21,0.0034373394268547783,-0.004866075130659597,0.001987069984243925,-0.011205034223322807,-0.0036961626176887584,-0.003457128702930759,-0.005063710450684575,-0.003150444019445243,-0.013783881957856072,-0.007263806783844905,-0.0060185388522450995,0.0004701776602225662,0.0020944125862101073,0.00211023147463559,-0.0003220983464137723
2025-03-24,0.01126993417357522,0.02198007400595304,0.01938838839936644,0.0190786887536197,0.01661682439979264,0.01776192049597556,0.01895254485063472,0.015620010268777943,0.016406490150183337,0.01973778987690905,0.0073804195057958965,0.004324738422664011,0.0009774177281386134,0.00019876029402895917,0.010472702585919019
2025-03-25,0.009769066748073403,-0.00052232407126474,-0.008832493980941533,0.003777697103856339,0.0025653318246192103,-0.009745679942195017,0.0005138672961583765,0.00041321907801700403,-0.0012393396817657286,-0.011202368109165167,-0.01812128282265096,0.0024960082117271637,-0.0011175140286359669,0.0007569402244306697,-0.001044118255366207
2025-03-26,-0.001486986130479772,0.0010356376792929611,0.003939895016658577,-0.000874618184371202,-0.002656505301852636,-0.009160570530782303,-0.0066041696515846,-0.006997756819326896,-0.0035796129594833134,-0.003019707904525658,-0.0015943685632433331,-0.0034961602948787897,-0.006299044046568432,-0.0034928065377796513,-0.00819772144842599
2025-03-27,-0.0034427919274884035,0.0015588060328724917,0.0044275927317288105,-0.012899571892526987,-0.0034679784125899653,-0.00384429279212741,-0.005289032968521799,-0.00860942255365452,-0.0045582657979733555,-0.007575957271089788,-0.004779162601145576,-0.004386626398652293,-0.003042064056433392,-0.0005313698636009176,-0.0064985122915209624
2025-03-28,-0.028171814360247818,-0.02690365707389828,-0.01545186810718265,-0.008352660236747845,-0.018014688710584946,-0.011742717126096676,-0.018012122482511956,-0.017820482101875243,-0.018306680827091443,-0.002898041508557396,-0.0016319352588948198,0.0035237421238459503,0.002480596646978195,-0.0017980633594042103,-0.010706027322721618
2025-03-31,0.011251533984201078,0.008436306921425989,0.008685612191968752,0.010034474615324689,0.009977636283050094,0.0044882827491978675,0.005920159388408881,0.003839215757755271,0.00733890886919819,0.003415136959740597,0.005560633994273954,0.001690034634174886,-0.002865030661277804,-0.0013393580188021637,-0.0030003203530380657
2025-04-01,-0.00325241159051603,0.0055966354843298045,0.004189470053885201,0.00827007943338873,0.0004550653611663322,-0.01137504014262922,0.005265148138452025,0.0030619273812627136,0.005122004106859987,0.0010521858930688363,0.003509903394023949,0.003011338174071581,0.002799659822202005,0.0006478643294323085,2.9723456988471163e-05
2025-04-02,0.008763140856386088,0.011380941529037757,0.008755523441264611,0.008530465573976635,0.009292019674624844,0.013082518034090065,0.01003753908828904,0.006246241571350426,0.00892493539379758,0.008163177620224222,0.012062170927316486,0.0016467094844742469,0.0013192520120118908,-0.001386825963886732,0.008086894696291383
2025-04-03,-0.06429849523001449,-0.06338861168398982,-0.047482174517685764,-0.1096065650985905,-0.05342251404872095,-0.03962482489496635,-0.05028127793731963,-0.059074242000836025,-0.05030242628587855,-0.043717480583220565,-0.04139704772930224,0.0017195903647044374,0.0014715589237591666,0.005034100314607397,-0.038908840249499144
2025-04-04,-0.055848331674992424,-0.028107382284832248,-0.04636205195407775,-0.1061854508862638,-0.07157561102791127,-0.057791210503902915,-0.05719422011086529,-0.06833938937734278,-0.07232382546619318,-0.05385620397564812,-0.0565178348771493,-0.007159864015347567,-0.0060883336131895265,-0.0018158883950262098,0.0005493257018875249
2025-04-07,-0.005611358937067861,-0.023761408806315026,0.0022405037442196378,-0.00579608009666429,-0.010433392688790536,0.004068875733623172,-0.007225068006651508,0.002364525209498051,-0.009498959081279075,-0.013818456640112352,-0.004587712759850376,0.003911724315215841,0.0053680371090443465,0.002958194016014661,0.010144802924131125
2025-04-08,-0.02340168706422489,-0.02495787681482465,-0.029194016291693613,-0.027191601578815127,-0.009143411968648617,-0.024899371165522148,-0.011481903794484547,-0.01907195955018426,-0.03326464458474554,-0.023573496994922765,-0.014771996852171782,0.006739221774138096,0.0012986753606584168,0.0019142418838760606,-0.007962599091196912
2025-04-09,0.09213693912780861,0.08554010092459752,0.0859063311511313,0.07858213535590267,0.07294967105041111,0.07628250614119862,0.07992453514232116,0.09052022979834075,0.0840201042752174,0.07561468125822801,0.0739842951341264,-0.004193420225869759,-0.0011792224882023786,0.004162006586892552,0.03917613183924705
2025-04-10,-0.04612035968640566,-0.033118710821624014,-0.03653805157847078,-0.06023380565163492,-0.029079575853820688,-0.05640107042937024,-0.023546960502983015,-0.032355049577566984,-0.029161044329582986,-0.034335611611538835,-0.03686612071047123,0.007033114318623988,0.007447776925088418,0.00011738564455564357,-0.032604308963404015
2025-04-11,0.008074186909492614,0.00830244599103882,0.011728377956793138,0.027218648219562054,0.014846611419787503,0.014476820339831706,0.01885265118840155,0.01187644859060752,0.03093265216767095,0.012823703728494784,0.013649560513215598,-0.0019058876336171496,0.001312112977680952,0.0008954180691442723,-0.001970814872739191
2025-04-14,0.008838745781715762,0.008089169580892402,0.014780368752928406,0.004157935022358261,0.01284162304206794,0.015923775960300913,0.008908062916244882,0.011552038056929127,0.01050268153668946,0.021043766973961323,0.018097730699923893,-0.0007376110445071301,-0.0024872500373810916,-0.001411684938976372,0.0018381772362171217
2025-04-15,0.00430229231278347,-0.005727428267411494,-0.007419868733428969,-0.0011650495228291119,0.0005225826133199473,-0.007949390221268685,-0.004770779804232687,0.003051125971826572,-0.00984461691647232,0.002745268703785224,-0.0013474488332186783,0.00497373962611112,0.002762326203469891,0.00033709948621754744,0.0005167074907522554
2025-04-16,-0.02630745617342926,-0.01673712705016571,-0.01693254521848488,0.01188035833731171,-0.016324616582429965,-0.012686809388983302,-0.0162168668831607,-0.019599139961617378,-0.008936300857111747,-0.007076737620374702,-0.012555140397886553,-0.0002338598883390364,-0.00045628198573209404,-0.0015922302301168976,-0.004174255223171502
2025-04-17,0.012269927284499889,0.013299078014805944,0.023276532225416532,0.023760612297097857,0.002495986119098662,-0.002160488182335841,0.004690530289377474,0.0003638593260953763,0.00635899245317585,0.015233901469109768,0.013168468792243529,-0.0023080782447535927,-0.001912524412469353,-0.0011580046801640013,0.003434703680642225
2025-04-21,-0.022382293005611256,-0.01667401709587836,-0.009653149734741878,-0.030853521867717625,-0.023048852873695957,-0.023974013131423298,-0.024900422528030777,-0.021799373284834046,-0.016962558824456016,-0.02111072912479309,-0.021944049507674368,-0.005706920057149699,-0.0050418177745705966,0.0006647381317290009,0.0006468383231549926
2025-04-22,0.024267057339615036,0.028955192203295177,0.020233920490412626,0.02188513082071915,0.032905765529551684,0.0262531636246235,0.022070144961729047,0.020455303261107206,0.025403621798578094,0.022576702731063866,0.03064926867403469,0.001718156350181743,0.001321554361800208,-0.0010788795965025293,0.004521478961607104
2025-04-23,0.01456350287981325,0.009757341053438943,0.008763799479579143,-0.005016895755924678,0.0092276762037818,0.018910760898129115,0.008935096890141115,0.01871897357632953,0.006818145963992543,0.009286491794470077,0.013136263440323528,0.0024738681575320175,0.0031600963082340366,0.0011402459992191688,0.00962441282474828
2025-04-24,0.02164471799477846,0.014445375566621517,0.007497874617607825,0.008860482104740766,0.01217259137864985,0.024393411467367867,0.02262544870179581,0.028570749168076056,0.02496399648258204,0.00948803976189862,0.017604123852933872,-0.0013617281750731031,0.002367313705690519,0.0005740371808296637,0.013261036146077133
2025-04-25,0.0015186520248922654,0.0010942551106176875,-0.0008879604532171416,-0.0013084076378190208,-0.007180765069292458,-0.0005569999425336356,-0.0005764671639100633,0.004717870064358572,-0.0022513598745136708,0.0003704747776019297,-0.0027586578894445786,0.002611713121662959,0.004708676441951703,0.002877737562965281,-1.268053218694088e-05
2025-04-28,0.0036131198827978757,0.003407477310165551,-0.0033074261399930302,0.007355663893404248,0.003384867684301726,0.004110835361555815,0.002693909259357395,0.0010019150243322668,0.003724845564343211,0.006646354407403348,0.0070528067888770765,0.0016503741960955318,0.0013412638046103815,-0.0004877481170999803,-0.0006171588822123337
2025-04-29,0.006091608543826164,0.006849997828840802,0.004439603724796144,-0.002755564220119638,0.009560336061227059,0.004521405840897328,0.006140681188419935,0.005520001088608403,0.009580879410258269,-0.000385282995968607,0.0030102452662904722,0.0012497184539507012,-5.529134286238476e-05,0.0002702875280387575,-0.0026916203732550905
2025-04-30,0.0017872318193567318,-0.0037646917190164893,0.004824545827832378,-0.027480906322933703,-0.002095285774143343,0.007598604109529853,0.006199588638355818,0.007672456852318165,0.0027747821348173317,0.0010921905288367316,-0.009954752848162761,0.00043274120981409486,-0.007200888885934991,0.0007988478654852727,0.0007869026923294098
2025-05-01,-0.0021661778484921997,-0.0005429128947838421,-0.005483798999652425,0.004040110743654267,-0.00424527594101465,-0.010232028619953584,0.0034680479694933924,0.00011339290124233123,-0.0014985197396198402,0.009169683681423789,0.006049067079938894,0.0019266839039043537,0.001941950797552614,0.0007373663385554859,0.005146453063888344
2025-05-02,0.012761490456790123,0.020994487998911696,0.012131819518801105,0.016263800533522516,0.020043614137461734,0.01879539360457651,0.01875555176158865,0.016697026922828484,0.016807264010897785,0.0178645395448533,0.011951037805631252,0.0012920840242359375,0.0024892684366080798,-0.0010489079983797913,0.005155086089180654
2025-05-05,0.0008767876443424307,-0.0030090343187731522,-0.006712119204355936,-0.015521976591284209,-0.0017371673111126428,-0.005636897434794171,-0.0006557166177526939,-0.0013788415253989466,-0.008246828120132365,-0.006815228480935848,-0.004783948449233745,0.002366079705460743,0.0007269976183951942,-0.00036534288843933696,-0.0027720798017515894
2025-05-06,0.003462707127606975,-0.00903185609121921,-0.005196782675591147,-0.00026165923006052057,-0.003395141359745567,-0.02376495074711535,-0.010175785591255903,-0.004169483754803417,-0.005811364366707951,-0.00926505499627965,0.003642417318020533,0.0016284512418838003,0.0038303164796361596,-0.001469955537742845,-0.005046318004758188
2025-05-07,0.004593507623951843,0.007491717464639424,0.005123028320295498,-0.0011595601169500798,0.003266911999710314,0.018135044773384245,0.005418341938556756,0.011805483523782148,-0.011442297364188074,-0.00025924167957279166,0.0073495338836597965,-0.00044183169256433325,-0.004499811611290585,-0.0017810361873339111,0.006375045125032606
2025-05-08,0.009182486446773268,0.012356623893126247,0.012616222240416815,0.01168196306393256,0.012415587327891761,0.005147188593289181,0.014735077354347235,0.003829797488977983,0.011897266961171677,0.0006570477933963385,0.0006619620439138738,-0.0031339619641517747,0.001993024957384958,-0.001532332970256813,0.008704530026656093
2025-05-09,0.0060331811108632945,-0.006054185466870393,-0.003939143880199294,0.011750775873129789,0.0007891795956944513,-0.0051890016194957,-0.0007199496086042945,-0.001117099845964488,0.0018826990281166538,0.005304021431225846,0.0013564369564878697,-0.0015383936909536453,0.00014259466345261962,-0.0005237550732864429,0.0006114982757068118
2025-05-12,0.016417781240988933,0.04001323299616254,0.036922859748922884,0.015407852910849113,0.020085189650501274,0.04226522600775367,0.028401665413886036,0.030374158660162603,0.02152088690141491,0.016723978498285698,0.021774663488947292,-0.008910460693281911,-0.009921017411579344,0.0014368922219282134,0.030237815176828896
2025-05-13,0.0033296424069641823,0.0033074158559187926,0.0011151977265081788,0.017763380899030484,0.006983343484666497,-0.014963374741648676,0.005137850368338237,0.00916523729844426,-0.0007124200206494885,-0.004633767198978748,0.00649075586447358,0.002123108698238453,0.009017504224633585,0.0012937278053254313,0.006108111474267001
2025-05-14,0.0050361308506768196,-0.003091951118227863,-0.009818207510703801,-0.002441240558198373,-0.0014601477814429186,-0.022354586879566554,-0.004582748998487939,-0.0016184060644322577,-0.0056708880289521755,-0.006749550664263851,-0.006893223067839264,0.0028414309500564327,0.009070257260036825,0.0008899569477555837,-0.005332903335990887
2025-05-15,0.006026749204968069,0.007264272068840363,0.00746397648448929,0.0023493626961591926,0.00473178263256727,0.012436629080125541,0.00860363455239423,0.011356302841828432,0.006787491682672124,0.009041430029951995,0.010506770504791967,0.00142576145461063,-0.004463434725593469,-0.0017545858565031001,-0.007075970513405625
2025-05-16,0.005467622660308296,0.009234408842944176,0.009633012390996029,-0.0004390287068493543,0.009541039133794206,0.015708888781379212,0.012539371577833167,0.0038067983216683006,0.01181566034036852,0.014209293329030837,0.012740998176571995,0.00045950092081493586,0.003871971095699121,-0.00030959864106901456,-0.00277200482820691
2025-05-19,-0.0043022457797814734,-0.0011021285275395073,-0.002091559696843315,-0.010597784297749144,0.0009595081019891929,0.0052320692790673706,0.0019795535998936636,-0.0025544623529022733,0.003985514044861825,0.0002392758607706291,0.00021699312837425297,0.0026240562825491196,0.0017958832140879733,0.0012178618640982977,-0.003509449631274574
2025-05-20,-0.0009776810081606442,-0.008173833028589764,0.001876102214755132,-0.008384833674847571,-0.004831050422417059,0.002359036799073054,-0.004617721339624311,-0.0019374272121424623,-0.002182846098344236,-0.00733964574142811,-0.0017335071240364597,-0.00017997941706257017,0.0030125658165675593,-0.00013379455586286633,-0.00439925436955237
2025-05-21,-0.018098352464118818,-0.022654347711223634,-0.02710537338160356,-0.017100214323124644,-0.023697201693194565,-0.03142721609171352,-0.018368181883155886,-0.013709434212424675,-0.011936698427110422,-0.03228136228601147,-0.02859277713540182,0.0034497596487809514,0.0008817980871360015,0.002139224439295456,-0.00815517306263708
2025-05-22,-0.004200520866120338,0.000559163455833252,-0.00015526318269432998,-0.006033248406427745,-0.0008162635157507217,-0.0046332732095236,9.94574957923356e-05,-0.006190584213148494,-0.0024666754247816346,-0.00238757144452689,-0.007986355153954459,-0.0006709294539577101,-0.0015003742371877834,0.0013226536307939345,0.00440722995077405
2025-05-23,-0.005964258662207126,-0.012687075378743435,-5.4502712583409225e-05,0.005072059515826333,-0.004063761562017134,-0.004089261158614723,-0.005140660635906507,-0.0074333182115307195,-0.003821213527805235,-0.003590593394606363,0.007591013700619056,0.0035352774935144275,0.00025284001282357,2.006572169419275e-05,-0.0019374324599704881
2025-05-27,0.01737792786064773,0.023655362323514506,0.022178191581359107,0.005330817626481646,0.018085968683861142,0.022564625438689433,0.017217183308760507,0.013836385376857354,0.01688579692115232,0.02266054854297877,0.015855871726688085,-0.001694780240646132,-0.0009944192540070704,0.0001602714775066164,0.009840718682859758
2025-05-28,-0.002363659126238532,-0.01224245200865511,-0.007885913941248669,-0.011388304043183136,-0.010782354448568041,-0.005628332710043277,-0.008325505502923887,-0.008820901361557274,-0.01240861426034303,0.0008694880818838341,-0.017069888030919106,0.0031048422575614227,0.0007671143369888822,0.0014157986837968065,-0.0003503830471869611
2025-05-29,-0.006276602384935829,-0.0005818468241241405,0.0049177176724908836,0.003527922872293949,0.005405838083281293,0.010115571731946195,0.0020266009638354623,-0.0018859895980440984,0.0005364990968541296,0.008977399035180212,0.00920691718056597,-0.0032419794967221945,-0.0039577745508536264,3.2014282067545565e-05,0.00220672059533946
2025-05-30,-0.007201348782332929,0.003613509391843746,-0.003037975573481552,-0.0069222684565833775,0.002280581753454077,-0.008600693097663103,0.001260518232638251,0.00038861273474791614,9.16248682810989e-05,-0.0012884495613624425,0.0006324789700345615,0.004494378431270017,0.0010430645211647765,0.0023463658934633294,-0.006969698429664396
2025-06-02,-0.0017485789490487005,-0.0013697389283196366,0.001676606789817228,0.015663602722220213,0.00030033540537900536,-0.0031408970921202404,-0.005070813373509234,0.0007644362424481508,0.008179755421439505,0.0028050788856662017,0.0018975531886312115,0.003251590865577467,0.003775389957355328,0.0016293754442824814,4.9703638444471446e-05
2025-06-03,-0.003347560853347563,0.009172951476095832,0.00812571669713413,0.010647143866837043,0.0061677285299484965,0.006619326844137247,0.010148830068306223,0.013043298621177854,0.008502729785545685,0.001642146107975354,0.008570524717160681,-0.0046302142318153,0.0036026724906084353,-0.000345594690245199,0.0037037813778715975
2025-06-04,0.0030783326757696555,0.0010281053543446952,-0.005126688774659952,-0.022966205672859022,-0.006742431556665566,0.0024614454533329615,-0.00013795444655666822,0.001985983202560555,0.002549579050876165,0.004018763584181201,-0.012734903374717065,-0.0012250247983390345,-0.0011765479317426381,0.0006564587378055777,0.0033254308554955844
2025-06-05,0.007596782112369106,-0.002102366325574001,-0.00676985391415442,0.0007962986618685522,-0.002505344866456534,-0.001297975755297587,-0.001856260792869014,-6.600086492627413e-05,-0.005333518423931247,-0.006275227003623963,-0.0049514243980496074,0.0009182751977128668,-0.0010594918861734724,-0.002942996927569975,-0.0015647811947525272
2025-06-06,0.00635894741488625,-0.00031387772467051213,0.00906177126016995,0.015437643889183051,0.01319485465435978,0.011835884613489136,0.008111511093441796,0.006265088944396261,0.0018696512992880483,0.008572490209318873,0.00961750346906535,-0.0019675642610240147,-0.0029992502193015845,0.002186355085750541,0.006844944149262594
2025-06-09,-0.004735476622322058,0.00020899524807390431,0.004595445745274651,-0.005090946270579862,-0.006938305750098678,0.00034679201118421524,-0.002137518764343898,0.0018063359648424332,0.005056074547151358,0.0053252232718352995,0.000664356989287463,-0.006720918598620991,-0.005137040389503081,0.0024516511680614224,0.007686475661011532
2025-06-10,0.019496355974732014,0.00805377105040606,0.006196229595442136,0.010690664444731471,-0.0015297040236883447,0.00916081994541267,-0.0006611684961413745,0.004678682182205529,0.002606340949703334,0.011011627792287492,0.010174219108250145,-0.006207859356068774,-0.005108370601957765,0.0005295840661917891,0.007263570965926556
2025-06-11,-0.002665311182097314,-0.008382004578758012,-0.0032163981434189517,0.01562786007880619,-0.0012215951470653725,-0.0027297618419218025,-0.003410589331685103,-0.005953366491654298,-0.004983014686594488,-0.0045799049091532346,-0.00278167796202098,0.003721378161074256,0.004350646253244692,0.000572077274101839,-0.003374918437006313
2025-06-12,-0.00968312276011588,-0.002903613919425291,0.0010853480020685633,0.006307049683370056,0.003800640725962097,0.0024664705791335017,0.001753980697313024,0.008272979148693006,0.003927838467157599,0.0029629088359975587,0.0059080860985184,0.0012559250936709798,0.003105570615386483,-0.0005788528577608138,-0.007019626242770033
2025-06-13,-0.017822650800989437,-0.021799782901501488,-0.02087600238620972,0.02407954111698541,-0.017398848194327642,-0.012830980857290834,-0.00974947237723392,-0.015322620037697987,-0.0072253781277413194,-0.012894909765958387,-0.01627887022453873,0.0019580332614212667,0.0029166202907568257,0.0016582058432019224,-0.009289619541268683
2025-06-16,0.038170520520358145,0.013094247675613874,0.01902554509066137,-0.008939019814936161,0.012172160770850706,0.007427517281476597,0.006439085057879202,0.013343186017600978,0.008672134996779206,0.005105067685805514,0.0018360700812198474,0.000850040825761694,0.006058026186713975,-0.004719590418956675,0.007031670943479911
2025-06-17,-0.014304342701199147,-0.015800234872590004,-0.011710567107171058,0.009085130224429043,-0.009041222144283621,-0.016633698002968683,-0.010097098513121553,-0.006580166364579779,-0.008323573994354018,-0.007062168563307232,-0.011761909895809839,0.0024996561881267683,-0.0010572472432934005,0.0007707634390739242,-0.0032113603923743443
2025-06-18,0.004727071191963592,-0.0008209480881673193,0.005112506075851591,-0.009357295185797997,0.0050964012808144155,0.003323109727021136,-0.0017720533642180752,-0.005773186535020652,-0.0027666044420322443,0.003935497903104908,0.006400627590557812,0.0018790896487920013,0.002215592991017134,-0.0010268388162189297,0.0036191153221225
2025-06-20,0.0009745771300662923,0.007355027894505312,0.005942569205480479,0.007573336979449896,0.004953124932998215,0.0003276521092477937,0.0006452042374019236,-0.003752296736025176,-0.008960995994309768,-0.0013568655114196643,0.0017476901349800917,-0.0001622326071232828,0.00022874401801329123,-0.0015465865922159572,0.0001334324742500281
2025-06-23,0.009952219189210031,0.010845818700532306,0.010775234833820365,-0.03071405217700769,0.010389033162354639,0.0017118309340849495,0.012547071006819639,0.011601797912100203,0.010210774946735219,0.01202548963350081,0.011018886116982443,0.002815939706569278,-0.003495583855834571,0.00035351992887567283,0.0009671198561470104
2025-06-24,0.011311855932617744,0.007615372776812107,0.006440444971809509,-0.00794969162693015,0.011846082466914357,0.016340931855647077,0.00860769760758147,0.012234856533650083,0.008280978141211605,0.006929435647740955,0.01185487045568046,-0.0007231538582838496,0.0031007003541735968,0.001035872175416023,0.006123399846984955
2025-06-25,-0.0041658743544854175,-0.010292969391615113,-0.0117992078281816,-0.01078779280746442,-0.004917513747065242,-8.608090693245485e-05,-0.009027715521461024,-0.0006448244109257767,-0.011267247043273124,-0.02007448172984506,-0.010401945713125882,-0.0017015802355235166,-0.00041371849313105995,0.001468330671381962,0.0035957744944841736
2025-06-26,0.008893387987014069,0.0045926586690491645,0.00802163777888323,0.015383408477396375,0.008929127823154005,0.006752811993468965,0.009019104511373218,0.0036195885520130073,0.010735510564686957,0.00465041081698341,0.012794904036128462,3.018918279288908e-05,0.001896259319799021,-0.00034577366144007156,0.004486001681144831
2025-06-27,0.016811336883297515,0.01610910752072818,0.0016166394494545352,-0.004599720828853118,0.00465490048985991,0.0007011317091011789,0.009181949914424654,-0.0024128734793679506,0.0028824692771492948,0.0008003304879712673,0.0016554712872719557,-0.00014113210854480192,-0.0004337810410493791,-0.0003895080078352774,0.0004891284966610511
2025-06-30,0.005460200176919059,0.002004203068341282,0.002365507085314514,-0.002480834393190838,0.010581741086113062,0.0036107143473195825,0.004473722555411993,0.011558389169901123,0.0001931913678678285,0.0033998218170682914,0.0013413028097041565,0.004190755197238347,0.005025436605435231,0.000200842754385263,-0.006211945906572736
2025-07-01,0.007710900553776172,0.02733180471991847,0.016511516398288982,0.0021527308198322883,0.008825414728607702,0.01143531872023752,0.009454107182111348,0.0018065584500959065,0.016351114575415215,0.0025767699649166544,0.006355368962405432,-0.011431658610179847,-0.00798638635282169,-0.0036360245535034044,0.005448481389529004
2025-07-02,0.001958184028958387,0.003354021878796412,0.02058150387523374,0.011407446391389128,-0.0008418990977356319,-0.008464920798037902,0.001203133246143389,-0.002723926766965607,0.01589674572772748,0.009513043513508884,0.005069389176031479,-0.003502125017795397,-0.0027370610262072285,0.001883475681286685,0.014481006617410407
2025-07-03,0.0066127965993794,0.0035984123846783843,-0.0024322445820278227,-0.0005352228876112214,0.007584324139731263,0.002377831919746702,0.006494377503297233,0.013428838807398332,0.0003470797314805751,0.002678582742588281,0.0067329368671878295,0.002868704891716692,0.0014595984621981648,-0.00019408920488808208,-0.000306731674973464
2025-07-07,-0.014713294715620748,-0.005008516857797101,-0.01066361635610552,-0.00857476325836752,-0.008243471998861508,-0.011078754579727491,-0.00620716454927442,-0.009435369796026603,-0.005399662380089113,-0.010309044927664733,-0.007106045703563649,0.004940507073247452,0.0032266522782899557,0.00042811443991797564,-0.006495057905162325
2025-07-08,0.005596009571324106,0.0004928187331164052,-0.0015935929316770344,0.02053224358419294,-0.0028781732612241885,0.004452695100051169,0.0005301515897919365,0.0035155817271191403,0.007397566314744206,0.0021050186318537956,-0.003213060507685969,-0.00792533685585685,-0.0014694668455284736,-0.0010560933474947993,0.005782159740056577
2025-07-09,-0.0026323927937933964,0.006553257892697715,-0.0030769362086817366,-0.0073773567790090516,0.0035183597183956056,0.003411124910243357,0.007312099349789608,-0.0015787338202247864,0.007655730054985479,0.0022213874576938295,0.014084247390706635,-0.00010140556028364617,0.0031739598130608435,0.00048679676088366256,0.0003075749086769675
2025-07-10,0.002874837835094784,0.007015086224060803,0.015155513407680005,0.0015964788956284199,0.006543259977182543,0.009774342770853957,0.006945097460237846,-0.011609653505720725,0.0012359515723566483,0.00908669454397597,0.015964538613006965,-0.004519334260906315,-0.003243891009985235,0.00019554141401933558,0.010587393035265747
2025-07-11,-0.010992817145185612,-0.009487912731111763,-0.0027098581065133596,0.004483087298222184,-0.011397936478858492,-0.012440104808292721,-0.005164009680774568,-0.011288599436337286,-0.007579997650664794,0.0008142610963790947,-0.0005887359298357191,0.0002824996490376213,-0.0013673867134011506,0.0028369566220344078,0.000949504112343146
2025-07-14,0.004662765028551631,0.0016046022883873896,-0.003041000261099122,-0.0064568420160980595,0.007566232976171168,-0.0044306804930004445,0.0027589540943562473,0.0029452107336726675,-0.002273540052978853,0.004131911962246134,-0.0021148538554100886,0.00719464500012524,0.00383588925204999,5.702589044791358e-05,-0.005813039377622703
2025-07-15,-0.009692400210002594,-0.019767136071548397,-0.01357084743760869,-0.02109016503569203,-0.019934256033803527,-0.017997093218881557,-0.010276672348639547,-0.001754450402321142,-0.017316027333114315,-0.012254051612589027,-0.007779403791410577,0.0011922813333168892,0.0031458175502589425,0.0025881553341378567,-0.002570652063414194
2025-07-16,0.005008858480917612,0.0029481690438763024,0.006118227389161643,-0.00942755770518344,0.009669982510200624,0.004361893014842128,0.003228063157013109,0.0029774004456419347,0.0015134195410910166,0.009823864424806048,0.002044123278594119,0.0005255972365137772,6.701872118038042e-05,-0.00045808650598888037,-0.0005166495144237952
2025-07-17,0.005355254450533394,0.00720410961306899,0.015136790699632982,0.00845804717382841,0.009284751463491283,1.2104815458223517e-05,0.010877560497892841,0.007020386259235411,0.0063377652911289035,0.000133217455798181,0.009706286164533314,-0.0006110568710032449,-0.003162685695778703,-0.002151002014951849,0.0076786527254700905
2025-07-18,-0.005280668440040077,0.0013593469427839585,0.0007843714269392314,0.0014008200013742114,0.0027571296471960915,-0.009105225878278785,-0.003845137454913683,0.0018476789004117612,0.005089462018168444,0.00242229627242886,0.016317639443069264,0.003381259455785102,7.086761572443347e-06,-0.0005423074582958275,0.002241975377484869
2025-07-21,0.005433526312891448,0.0006649023284472173,-0.0056261473923651046,-0.019476220524266643,-0.005691938405772815,-0.009095120203391144,-0.006804653234613187,0.0011936502625178947,0.002669993094560263,0.0011128368734508317,0.0037281179329727793,-0.0012109438481373953,-0.00018396206283512997,0.0027088288263995485,-0.00229560175278281
2025-07-22,0.01317185437113152,0.022868971591890885,0.01599310881457363,0.0038586996238853307,0.009802335219618178,0.021423469261794004,0.007313797425408458,-0.0004313690391448568,0.012204275262920726,0.01494819381578523,0.01317275769976647,-0.008191976825651533,-0.003644889488354854,-0.003962254205500228,0.001608551320345968
2025-07-23,0.01005748387426583,0.005010121052526285,0.008805351098774226,0.012979454522207567,0.002782635446233952,0.022219594610070267,0.01218416686329971,0.0007471425166225674,0.0036916229522799345,0.005093879912568262,-0.0006669961874650724,0.0010351692188479238,0.0032756012027372237,-0.000922654409028384,0.003303260713466557
2025-07-24,-0.00010941728998510582,-0.012264366311532165,-0.007829959591809472,0.0074382665088846825,-0.00034025990307312955,-0.000253614344810563,-0.0007557249536839164,-0.00018934347714342806,-0.012835344435834398,-0.005835272985422293,-0.0035372049316975585,0.0026760648787592842,0.0005238835594293665,-0.001554605827909844,-0.002147881356870838
2025-07-25,-0.013535880068598892,0.008955829626695274,0.004765938941303715,-0.004068923276694176,0.007923917908761045,0.006296656136629642,0.011447227352437684,0.0015035321854921138,0.012935202223023702,0.0012182435850738678,0.004613052507571909,0.0010746622195322965,0.0037332179781125754,-4.51690775014288e-05,0.0003636471244783966
2025-07-28,-0.004413424085380208,-0.0020584825093842465,-0.004262582138743403,0.01164512878181181,-0.009506485458161086,-0.00803046194523746,-0.0051760096007391985,0.002382435956138552,-0.01633999419113479,-0.013147411682740502,-0.007888339715860813,0.00021184049647481162,0.0012528365306526212,0.0013607552288479928,0.004606603673236007
2025-07-29,-0.011232370431867728,-0.005723260422072916,0.003861014824231946,0.011154744637701797,-0.005590488626497241,0.0019207884442726745,-0.011625265764784103,0.005305997310447527,-0.006643887780692386,0.013104926729321807,0.007776307978423656,0.002724779413710269,-0.004158231550263723,-0.0021264645718901787,-0.00032186039442881945
2025-07-30,0.0043283181664775195,-0.008567706068596005,-0.0068899039397931705,-0.010540913462244408,-0.004961141244991325,-0.002070862439633857,-0.008443765943409426,-0.003628614394823668,-0.01944848620298899,-0.01360660194046796,0.0021897719733685542,0.004820098250765216,0.007810162830964086,0.00033695722804789413,-0.004905517348688062
2025-07-31,-0.009277016474957926,-0.0029217970811482013,-0.014478961415075191,-0.002184832619903817,-0.005063876688813189,-0.03863130395457171,0.004723524680277064,-0.008993002727542674,-0.0082046321123453,-0.022694687757740802,0.0003757718909558044,0.006155252650954586,0.0030102571791617923,-0.0016856879792838963,-0.006274088598281298
2025-08-01,-0.016704158340468386,-0.005152008613578745,-0.005859847899886284,-0.02135789465780948,-0.017499859167257898,-0.0026340406999349666,-0.01621532733492888,-0.01105699638326038,-0.013486774440816569,-0.010467306442026373,-0.004313859897740149,0.00026791223064003017,-0.003000267405793765,-0.00013077873405944757,-0.006699470566285885
2025-08-04,0.009772786817265532,0.01694201322742602,0.010104415488514104,0.003043521875367635,0.013624476597954313,0.017592000013285498,0.006702268020962036,0.013638253128708006,0.010514023028041882,0.007911485923090987,0.018799298171108023,0.0034071759339289217,-0.000651788138842856,-0.0002434464107170026,0.0021289613338670017
2025-08-05,-0.00806194736646791,-0.0033335706754896595,-0.0007757946955336055,-0.0008395101055103602,-0.0027403265753971674,-0.00848447855494442,0.005195469074749228,-0.017157770582245272,0.006064343511294821,0.006122639664976232,-0.011124566153207359,-0.0014379961051192009,0.0029626899567766433,0.0005218565648932705,-0.002142763510979869
2025-08-06,-0.0062389558555237526,0.007626285678328926,0.005550923008654687,-0.00987134393216151,0.004345195033756035,-0.01584356335223994,-0.0008788917814911883,0.008767851683552513,-0.01724423853797327,-0.0102662839125034,-0.01245082353210163,0.003155230475305795,-0.004089203408456363,0.002240559552246962,-0.0016467018414846133
2025-08-07,-0.004753202959461378,-0.006284313821140066,0.010960667459862131,-0.004723754444990142,-0.009282391786538724,0.008555121948874133,-0.0022000579946699758,-0.007446621392769263,0.009272829550459258,0.005795532136358025,0.01192540157769961,0.0003919312693505026,0.001915263071654051,0.00024705088356668294,0.0017442997967525111
2025-08-08,-0.023226099536770944,-0.002228209852659029,0.0035808562476860573,0.0058740558290517365,0.003972002936142431,0.016201021607073228,-0.0016419920790055205,0.005048723877593534,0.005516486469441211,-0.010294211321745735,-0.004257340806603474,0.002804458161327772,-0.006264907903833558,0.0007563753098839485,0.0036462200593665004
2025-08-11,0.0077878116180719464,-0.001354427158808318,-0.0060514470621426284,-0.00749633825980037,-0.0015070413026220062,-0.002367164486745062,-0.002695414563959548,-0.007167771429186261,0.0005646146413875739,-0.007853285598774665,-0.004680254329231715,0.0015826308547900424,0.0010741109491888045,0.00022548305948572208,-0.0019755045232730836
2025-08-12,0.02351606924262394,0.017897256827231693,0.018236733092525565,0.0011285502099706343,0.009335515147778074,0.015895031335230986,0.013927439780670013,0.012388925105427277,0.009722840225480731,0.009352687387565907,0.01664884740772629,-0.0034650864942260095,-0.002377167091260464,-0.0015536564628831006,0.013808961821718825
2025-08-13,0.022788299008508796,0.023668298150841368,0.004404493813413076,0.008501395574892478,0.009798801313577464,0.014605851584020562,0.012097885584616712,0.010511412066715464,0.018873838401660202,0.005666997410773207,0.004977331631446541,-0.007943769653418278,-0.0024379585240488634,-0.00466352054722662,0.0026741629526941773
2025-08-14,-0.004368053118256453,-0.011502126123310813,-0.012499545601516468,0.0006829486963204919,0.0018026308345665183,-0.0018980222710234201,-0.011417550966498165,-0.009585775943956359,-0.012928494577270829,-0.007744901794183752,-0.007291614809515829,-0.002168034954226357,-0.003573724225836113,0.003905459879495117,-4.5591395542339955e-05
2025-08-15,-0.0026366166490693834,0.001494326369320557,-0.008752067209952363,-0.0031740342392795077,-0.005947230578265871,0.004159598136754823,-0.0024583481617137834,-0.003427428087487717,-0.000495117089805448,0.007095328812321153,-0.011253214985479992,-0.0013832253956409671,0.007737543857957062,0.0016955651048143206,-0.010245841684405994
2025-08-18,-0.001613275578274436,0.0012889662930900309,-0.0024315333032720573,-0.007915848966322784,0.0003844973271175734,-0.0030658370601959212,0.0032749435664076714,0.003336831783161883,-0.005398681335032219,-0.006038216323295905,-0.003539914564980454,3.356519966504185e-05,0.0028540823814788294,0.00047888774096871157,0.0005826185821292113
2025-08-19,0.003033834507283321,0.00920238659857077,0.0016649678340344154,-0.001087356233089582,0.0007389048693604343,0.006695123500025069,0.005273070639027487,4.019615843569825e-05,0.0024231155177541043,0.008941018408186431,0.007796477649760788,-0.005692016184259953,-0.008407277612180936,-0.0033931172899013553,-6.434260835707507e-05
2025-08-20,-0.0037235223670645783,-0.00871989510547017,-0.0017677154085264219,0.01031604128509464,0.0045944945638783175,0.005784273971248487,-0.005993467501468188,-0.0014418467421528345,0.0011110068848514312,-0.0010202928579080052,-0.005535217200824563,0.0036331940934583207,-0.0009705142186008795,-2.8142771876518264e-05,-0.005643926515369765
2025-08-21,-0.0002549173996052601,-0.0038972621948940404,-0.004540841684447118,0.006717700340646937,-0.0037859608514245113,-0.008166702331002654,-0.003995432433672122,-0.0016868987577895874,0.0061949859189738676,-0.004557745532058227,-0.011106769631367778,0.0014369183103464236,0.0005527319589237167,-0.0011150190567389105,-0.0019362011623167696
2025-08-22,0.022723046207134005,0.026684081635442072,0.019557958952049932,0.015227857997294422,0.018175895076596737,0.015919084108673973,0.019729319933206004,0.011301303243187682,0.017521873563912445,0.023409835323078432,0.022538729183902803,-0.006728204836337189,4.061608857398215e-06,-0.001961453137733151,0.01430999540857711
2025-08-25,-0.0021361683361236362,-0.004469969361314771,-0.015090138955092874,0.003871875526802726,-0.007031816862067314,-0.014280537906009845,-0.011480780568314457,-0.004411957514359151,-0.0046962152366654955,-0.004849553669657765,-0.012755379305301549,0.0022007720221581353,0.0018875923420274127,-0.00047814975381189006,-0.000710921511827701
2025-08-26,0.017770782781316073,7.319832014134921e-05,-0.005887307800953209,0.0007576643100518749,0.0042632721398499175,0.0019038167497495444,0.0065877406415966065,-0.0026292783409388072,0.0029758237423683875,0.0009564609594145928,0.0011296608129866866,0.005738904363621138,0.008064810313373517,-0.0024066074169447936,-0.002113649271307356
2025-08-27,0.01335348862905114,0.004588701290647347,0.0036081054160098667,0.009318592064083328,0.0018418873651926185,-0.0010653026763553085,0.0015590119121597914,0.006704765398428163,0.0014349645187678268,0.005408286630795225,0.003258788110459051,-0.0022395754374140643,0.0018445489104036619,-0.0019287513525527602,0.0002573007455000121
2025-08-28,-0.0009544791260907765,0.00025545126998893644,-0.006871631464777095,0.011838846571506098,-0.0013989202252057873,-0.0051459984077153725,-0.0016776907567561674,0.008382503667624469,0.0018338981016668096,0.0011288738242931618,-0.006730860796571676,0.00400581134392138,0.0014465239879432918,0.001043594062290863,0.0012025064364726843
2025-08-29,0.005607598173707119,-0.002883199134727408,0.00011599172613578564,0.003141823693936913,0.001647678908453228,0.004047686742181374,-0.007597421188170232,-0.00755234315610405,9.068273784149659e-06,0.0014720989431042234,-0.0038195347056445383,-0.0033015517474252656,-0.0017826058524743123,-0.0013486708658224664,-0.002708776017609768
2025-09-02,-0.0019577390075605013,-0.0019302453287483178,-0.010085361776932714,0.004504841123460961,-0.007704939800804013,-0.005240696980667078,-0.010491780651693226,-0.006765692074174019,-0.008262498225476445,-0.018869387164583636,-0.00952277526916571,0.0019384115769480437,0.0027987102027595824,-6.754302176493443e-05,-0.005997264714286147
2025-09-03,0.0041371964734699925,0.0006963168106603568,0.0007306881611758259,-0.023450463852239336,-0.0014492105969761346,-0.002011681011234343,-0.003886812242105869,0.003293010532896322,-0.007843950161054183,0.001156838442492877,-0.0021204297428271336,0.0011442044687330745,-0.0014249015417787676,0.0006549229767391107,0.0002124507460113502
2025-09-04,0.010343401066851632,0.011025984189969782,0.004950995540682122,0.010612908449211393,0.0068271821468738,0.007465757111734479,0.010038978075476703,0.00889224724412179,0.0015171559336584052,0.009046210775013377,0.0006942850888719648,0.002982840876399338,-0.0016758839971959798,-0.002512968831552949,0.005880232937841128
2025-09-05,0.008316726154944554,-0.006974001054798021,0.0064056266968529705,-0.018920384308223726,-0.015102351157655585,0.008154075470849181,-0.0007996118086839126,0.010170177725928408,0.006742392887279105,0.00833596553066472,0.000275024640017826,-0.0032175615719891963,0.0002275000945583013,-0.002250120987515721,0.001808003773912694
2025-09-08,0.00952839146997326,0.00033834568168395265,-0.002710607371033678,-0.0035695619486165314,0.003802430248160593,0.0008022783152482048,0.0013199800695604899,0.0037987981898144427,0.001826916821402829,-0.003741677834470249,-0.012732293144085643,0.006305493307985156,0.00444522436704004,-0.0011386329876923542,-0.0024234476144768644
2025-09-09,-0.006759564294103634,-0.0085877632520991,-0.0033409474428374446,0.0026760775610670828,0.0022997924503890383,-0.001117511396258739,-0.007552016194717221,-0.0018642163075385091,-0.015437337162855487,0.0029811984274401944,0.006646847459016911,0.0020362113179301874,0.00489372617252188,0.004111331813046766,-0.004354913506912296
2025-09-10,-0.01972066256427486,-0.009734121913106722,-0.006025571656412934,0.023598641039767228,-0.0049526870143708065,-0.011780179787898854,0.005871984193423178,-0.0060208554595939665,0.0071986320860265365,0.005100544390230986,0.012395659704320912,0.006913402546720117,0.005741151540686182,0.0018222866338202047,-0.0022819936731716182
2025-09-11,0.021415072916744965,0.018197535550951254,0.008754796347462112,-0.0034886095707808377,0.01666954412531857,0.019888584486389693,0.014962707246674676,0.014588765253304855,0.016763648197287043,0.01229392011700826,0.007921270132304023,-0.003019471453571847,-0.0016311706044462764,-0.002831479070668151,0.0028249638394364316
2025-09-12,0.0013533501019663617,-0.01135659630892743,-0.007235584460665476,-0.004957763409956213,-0.005234985957135095,-0.014047134205350083,-0.011185710580509446,-0.01150344170384915,-0.00750383549060527,-0.0027618346899407516,0.004647770286438358,0.0030352824950099057,0.0004697075830282268,0.0023963696770742077,-0.0006150807756524084
2025-09-15,0.00344644062882582,-0.00483210215425733,-0.007832672622212888,-0.008064775103954586,-0.009220012807953091,-0.0040552215230144255,0.0009264746032838163,0.0030111180755652616,-0.005449901948177608,0.0018502791817369608,0.004278020251230702,0.002565711271729977,0.000633225186721513,0.002041130955463694,0.004075310308006784
2025-09-16,-0.008495734894714514,-0.003014149649675818,0.009558447511910925,0.017338801466653626,-0.005884073001517738,-0.0008285038629586346,-0.003766563890607486,-0.0019907378509792686,-0.001022179470975931,-0.004897648485664188,-0.014391780230481521,-0.0028747967447674797,-0.0008546621650806772,0.0015588410562522817,0.00314743997036085
2025-09-17,0.00717795115956451,-0.0006177283501139184,-0.0009141558681101472,0.001967490521974979,0.008713685382482244,-0.0011040649601589071,-0.003739753572987218,0.004491709842346101,-0.0009029231237129424,-0.0038291367177076866,0.0011656424445996069,-0.00023791959843279777,-0.00050088693766847,0.000711521266979241,-0.001916624046646736
2025-09-18,-0.004168820012348358,-0.0013786136011760186,0.005041994173600284,-0.001314438321805027,0.0019370603417684627,0.011097251708210102,0.008165578541493837,0.016747717545983826,0.0008381697497952545,0.007171507040437259,0.006857378272554486,0.00257394225072745,0.001543160493599656,-0.001116455192979792,0.0063213633318270285
2025-09-19,-0.0006497779866085471,-0.005396098507294068,-0.0032051289605365702,-0.011536526824292558,-0.0005829213413575985,-0.004419761724801467,-0.002126984746033139,0.0008060491849980863,0.0007722040138078967,-0.0015724746310892877,0.004905168743828814,0.003658938458575399,0.0017098155554433527,0.002131149483902124,-0.0022259637688055753
2025-09-22,0.00031429777340746486,-0.005800369953387199,-0.012702669731637124,0.00030852165985959857,-0.0005485374356091663,-0.0001558742079487183,0.0026417275491295218,0.01026115479171377,-0.0015884768768371972,0.002886854130485203,0.005399994636135687,-0.0004759765203612758,0.004287339053252816,0.0004989285302996245,-0.0023764749205838044
2025-09-23,0.0007906789004805975,0.0018485785514531655,0.0008203306582979252,0.02428327047413078,-0.0018503909183555495,-0.00034947966908458866,-0.00264306008150747,-0.0030562770902352694,-0.0034832553758554724,0.004633928214214307,0.00492597973451378,0.0013456587296860327,-0.0008617479917781422,-0.000892852816145413,-0.0033578674102003577
2025-09-24,-0.01177448325641821,0.0037955465683646326,-0.003909408612232382,0.015377571029710766,0.0005209263222074028,-0.007953085612804597,-0.00333558690017977,-0.004492830315316139,-0.005769593831410877,-0.011490690444802358,0.0015129567932473113,-0.00373665787350333,0.0034398099817019873,0.0006945224219791229,-0.007133489989846439
2025-09-25,-0.001981028478473208,-0.00885188611002104,-0.016742175276352696,0.008890254887492325,-0.004534090779311429,-0.018372157864661617,-0.0068764941721203305,-0.004107023540813175,-0.014044018008236929,-0.005717712771992875,-0.013924508363337763,0.0022197356832786693,-0.0009075762684583642,0.0005139907226562569,-0.0030894658342116793
2025-09-26,0.014027445868105563,0.012493650991753178,0.0060496364146818814,0.012628096003636033,0.00854322175091529,0.010907958299686429,0.010209612542912834,0.007342186629274375,0.013367225772048826,0.008113948065030258,0.014540812798979647,0.00016766074218667679,0.0011148365790393134,-0.002196062055600916,-0.0010829498030898819
2025-09-29,0.006371008661262719,0.003974863883929693,0.003333156129844305,-0.014087279050724029,0.005435230170441812,0.002913792119585161,0.003923243598942212,0.0030088919900173546,0.003273236177567579,0.0038815832439742406,0.005203987806154793,0.002002855503571174,0.0029264425618172043,0.00021891304025911274,-0.0009712118875928533
2025-09-30,0.0009556651477413239,-0.008102819830583571,0.0029108263607163644,-0.009463037864894842,-0.005591502586781897,0.019415231198321326,0.007518467782854594,0.002765668051913114,0.006538740336978513,0.0028034872838562635,0.003171991773356305,0.001196002205730863,0.0012491035053063164,-4.669450034535433e-05,-0.0016711433275963883
2025-10-01,-0.014848774428134008,0.0019640827124249734,0.0038700910469792824,0.002881481254683847,-0.0061808051979249734,0.01674216535294035,0.001030622864809297,-0.00044438339276350056,-0.00909391863685698,0.002885084449487529,0.014042358059423663,-0.005249196168474467,0.008046368632343703,0.0028662694044892965,0.0022315676112215858
2025-10-02,-0.0038727973229120386,0.003746162679548476,0.0006089464518732131,-0.01562841865532171,0.0034675235339202896,0.0050263786919265314,0.0026492994863667753,0.005075648605717914,0.01259646168523233,-0.00378656294062959,-0.0030545833828673524,-0.0006288354324039295,0.0028557482338791083,-0.0013076904277103043,0.0008339996498186124
2025-10-03,0.0027123825284987744,-0.0030659472345001466,-0.0005341046421191731,0.00207423668782082,0.009692229018595233,0.006548725546484941,0.003125849159776981,-0.0027059642382991386,8.844481133051197e-05,0.0010101046659772048,0.011328528496742596,-0.005211982433996793,0.00028671423000600077,0.00042282608182065025,-0.0007263014666949871
2025-10-06,-0.002782539182114619,-0.004327277947650919,-0.00870239059961495,0.005844725042236292,-0.0022954856337883537,-0.005838829085185849,0.002449614590536911,0.005816569761424113,-0.0025025221228819417,-0.009352558382991904,0.010432503814771461,-0.0007024566477734234,-0.0005681664837160601,0.0028030420510258905,0.0018700418404046077
2025-10-07,-0.008708163255505393,-0.01574978529352978,-0.0004360808476632441,0.0022192333640336085,0.004178645457108217,-0.004229177388874026,-0.005607751177987604,-0.011265144673870662,-0.0030974593019666994,-0.002763053455354668,-0.0024516998322609185,0.002393148213551066,0.003216584010602246,0.0010814281846278076,-0.008141805116169418
2025-10-08,-0.008397006149562639,-0.003601817518661654,-0.001130961679137811,-0.007619089495193149,-0.0014038127926157867,0.0013838135398132987,0.00984427706921299,0.01348911036251661,0.006912096821500621,-0.0006435091452147982,0.009001232124553442,0.00016787059094762206,0.00634380330768364,0.0006547695617043343,0.00035686653585210955
2025-10-09,-0.011997510880184492,-0.013235773520507609,0.001253057667367612,-0.0177904883126642,-0.0041524754556466715,-0.0038190562653923218,-0.014388027931459038,-0.009707095092470142,-0.009586943231336596,-0.0023147680285948062,-0.003305032501476983,0.0016968765155471498,-0.00029948559604278126,0.002821186924487656,0.0013070705833291183
2025-10-10,-0.019194101958729195,-0.017903899197230913,-0.01870541440634422,-0.033100963533746135,-0.024655914635974923,-0.021752723517184786,-0.020808599782193495,-0.03137986283422951,-0.024965325106846896,-0.018982763048819597,-0.01906739635201871,0.0020589884668376105,-0.004578833097815359,-0.000422031793963593,-0.013839129254050836
2025-10-13,0.007407273175342439,0.010882193324692733,0.011297398894092961,0.010496143951603053,0.005994406052024104,0.007654839820090017,0.006061750722507633,0.01722280032240184,0.01628948389959496,0.011740919337694207,0.01562618731530235,0.0012095959756108312,0.0006259166155393558,0.0008883358327450205,0.010441648381113377
2025-10-14,0.014729275606775012,0.016254017590324982,0.013592129271839714,-0.002508071032024178,0.011803300810927675,0.00757115441158381,0.012146474339321714,-0.003308358576088759,0.007161376718615196,0.0034722053666668157,0.009098674898819787,-0.001556562960152883,-0.005922155991953598,-0.002879886810941703,0.004625493586664449
2025-10-15,0.0023840503938098567,-0.0027016960020964293,0.009364592179831524,0.0017046205634478001,-0.008458979000766722,0.002816436030544891,-0.003232406351357835,0.002569809789689536,-0.003358273561939687,0.013542117156217103,0.017421418712666635,0.0013164247972732423,0.0009974008592547481,0.0019713095043954244,0.004510610626682772
2025-10-16,-0.01281024606630982,-0.008968509274052065,-0.0030218487849614896,-0.016335137794508944,-0.03278973111568673,0.002667414494275624,-0.00408571538705557,-0.005172562718889168,-0.009275212282252579,-0.002811193069225951,-0.00749534184485701,-0.0012519152557518044,0.0006489724935541133,0.0004013557630220798,0.0014600759666612204
2025-10-17,0.008217080124573914,0.006489961788685018,0.01202657246917828,0.005476656548068603,0.00799917513174086,0.006981075485822847,0.000492002445455961,0.004475180737931045,-0.0017278713646201088,0.002021947392506226,-0.003009630936829287,-0.000945275847075626,-0.004179628688010643,0.0002137518399268007,0.00024222169179017626
2025-10-20,0.01065563933187428,0.005906899451833429,0.0024818024377878697,0.011765160478794978,0.011279667304265167,0.013178537174332821,0.01274917980642951,0.00872307525402648,0.010396065325346183,0.008810349291541428,0.0065348452948596255,-0.002485386898536907,0.000713418495209656,0.0008768728676343963,0.003055009108742853
2025-10-21,0.011615248521616392,0.017696507619083424,-0.003620077937245393,-0.0003303765767024882,0.003961726357702937,0.00462335040781903,0.007845803225721213,0.00812075225873708,-0.003773208174880467,-0.0030703922833399274,-0.004451104639367843,-0.0053907104242893866,-0.002812861799075375,-0.0016617870919676879,0.00541284936669147
2025-10-22,-0.009228120046935717,-0.006370727705400416,-8.472349318254464e-05,0.012158871556283384,-0.0064179369721546,0.0018839510176678388,-0.01703541028743966,-0.010349833266785109,-0.00011289697848640771,0.0024992397842568204,-0.0033770352786162685,-0.00028632741433566366,-0.004280706347586352,0.0005262382689376236,-0.001361045414152484
2025-10-23,-0.005131641845835812,0.0009897093156697422,0.001970441382506492,0.01697801724362988,0.0008683815899313038,0.0057744563383367855,0.008522094166842487,0.007956064762874703,0.01742702110752948,0.0035866042363524907,0.002336062618446914,0.0028637151291106898,0.0028897780072536954,-0.0006484131733627507,0.0054836058758187325
2025-10-24,-0.004802851034223366,-0.008018330843926887,0.0033649462580775595,-0.014729362729508354,0.008830417292272432,0.0036091439436816883,0.004688911067661359,0.0011324505295292376,0.0036297365731456444,0.01041767572393461,0.012766606091878577,0.004539175674865094,0.0040013660930885335,0.0024421378309576964,0.0023136099190332166
2025-10-27,0.00952275779734309,0.005893157899353711,0.009402452595558457,0.0006371888888197275,0.002189548868733587,0.0027077164779844088,0.004091661292025773,0.010145117810388562,0.000878877619029825,0.0039605965232830925,0.0036323207868852745,0.00021402080793467214,0.0011140368833007302,0.0017895755847022906,0.0018170484819790896
2025-10-28,-0.007188956672294855,-0.01082946943628213,-0.009944489623040956,-0.014013180196685994,-0.008681780208319622,-0.0072843699582540375,-0.007039693446717038,-0.0069452405256331205,0.0005701506827299855,-0.02552080544662087,-0.013613511116216413,0.0008606049371204541,-9.707297476553516e-05,0.002743709471383402,-0.0005838308589831881
2025-10-29,-0.01256604604691711,-0.020942010708670626,-0.01600350194613852,0.0036123695059993954,-0.028200696386802,-0.0021908704117991145,-0.0051230615335712895,-0.006802814761320214,-0.01706776807215687,-0.02281657968716266,0.0014970615786897886,0.008534207669744132,-0.0019479237290995193,0.002926074996246659,0.0068022353907557405
2025-10-30,-0.0026739291773649316,-0.016050950472711975,-0.002563938667082786,-0.0012748435066391342,-0.0033751245158108165,-0.0029239513086473635,-0.003242733191648012,0.0028692655186925583,-0.019720396172709417,-0.005477540280193917,-0.008460347932187707,0.00161830409444671,-0.009999824761700676,-0.003518595501186061,0.0006746990537510676
2025-10-31,0.0064282402541392565,-0.001355934616011166,0.0002852509424000647,0.006494196026355728,0.0041545433941559086,-0.00213662444864977,0.003406537996553377,0.005463709100233844,-0.00010700541324553116,0.0028512678278243657,-0.005755934492391259,0.000352084145565347,0.0040723247867506425,-0.00013926724409498893,-0.0005574989419099021
2025-11-03,-0.014734152233535467,-0.006386475096138121,-0.005204939565312265,0.005448735433395442,-0.0049619996634286175,0.005748729757573024,-0.006938345722774322,-0.0029731476576396873,-0.003648278928450937,-1.2116769928781228e-05,4.34319404630584e-05,0.0058577416148574354,-0.0020594559130746788,0.000648924249261947,0.0018813540612658232
2025-11-04,-0.0013050412588273977,-0.0070145358210857035,-0.010439658195452176,-0.013621417540599581,0.003956333064074852,-0.0002570029330593791,-0.005561055026549091,-0.017760046956618463,-0.008244123006754731,-0.007783923868301758,-0.013271727679659425,-0.0008210705093159578,-0.00556209587395295,-0.003722294839979949,-0.008326371839217146
2025-11-05,0.0011748981853913214,0.007439435268999052,0.011850345795425021,0.0032003851239703115,0.002230788349952035,0.0021358161246947277,0.004154222724014812,0.011131221800818825,0.006116877771702268,0.00389519258854178,0.008746010915096933,0.0009813577869772709,-0.0015315414499447865,0.0004959825231340513,0.00808666289570884
2025-11-06,-0.006632861919343319,-0.01686503289550758,-0.009596775723930223,0.019033781719229106,-0.007246989512791175,-0.001352976959709733,-0.009913584348426275,-0.006905914260882488,-0.00995470531572273,-0.01123128558532749,-0.005934290655187282,0.00020549148476158076,-0.006145815021991398,-0.0022497244318020826,0.0016344101065128708
2025-11-07,0.0032237623443716365,0.019535540126450767,0.01633637578086692,0.012491672973512724,0.009792595961878873,0.004313516642559026,0.0059076192922670285,0.0027615078914286417,0.011729794116115206,0.014409408633971228,0.009247932016565203,0.0013871003181093297,0.000814258695436271,-0.0036473336966996953,-0.001376268175977426
2025-11-10,0.00038378766720424586,0.004216903359881934,0.004127223229231293,0.012246975288161273,0.00246631741958185,0.004238661471472942,0.0032237177955279014,0.011845880645570097,0.010148236210390169,0.0028065473014154208,0.0007038153922764727,0.0065407619941468004,2.042989202481464e-05,0.0015619945258185778,0.002712528469888938
2025-11-11,0.010281166260380389,0.0057314332650516015,0.007376602065101397,0.014263007494216457,0.006284012031630477,0.019968844179659488,-0.0001811492873792131,-0.0039968348756513564,0.006437537234501703,0.006168052756176388,-0.00021511431582925473,-0.0058367756893386745,-0.0031421060776013047,0.0002991075733821698,-0.0026355543533965547
2025-11-12,-0.00030179006769773877,0.003064666489858323,7.903776534291867e-05,-0.012866869881913299,0.006559473626835432,0.008988851202833622,0.0013402083148529751,0.003532377804350759,0.004484150593035396,-0.008415292682673247,0.004169693120516768,-0.0009819504338809597,-0.00217401204223197,0.000694324370672215,0.002898251648699702
2025-11-13,-0.00845150574930365,-0.00905397812060341,-0.010456845483636377,-0.0007026503144392886,-0.012324571696337877,-0.008471488323570867,-0.014718793548759141,-0.018774567284058696,-0.002500380713829135,-0.02218405114304854,-0.01691133952569308,-0.0066924006804282175,-0.004957003372245332,-0.0006632266277807374,-0.005325193298159713
2025-11-14,-0.011212456999734007,-0.005140532907457132,-0.004454880903466208,0.018671107094271718,-0.005943162324106808,-0.009133729934865071,-0.002757799981066798,-0.0010691227142138142,-0.006827420334215336,0.0034497422894874943,-0.002414781283446075,0.0021769231286900034,0.002853965482823898,0.0007403855074139605,-0.004117782734204995
2025-11-17,-0.00912925926769668,-0.017543564192540828,-0.016935891989626067,-0.01916797303913804,-0.020750924386288727,-0.008974532918573891,-0.012278935229142333,-0.014558662281948546,-0.01381061929123213,-0.010475564282093655,-0.0009695143485106474,0.0025003003209248397,0.0006842432768113256,0.0016095341024439797,-0.008057072156439509
2025-11-18,0.010438947788112522,-0.0016198345392288436,0.007723613610926525,0.00665576355547661,6.752994293651733e-05,0.004394932041213652,-0.002133111650415262,-0.008733887313716571,0.0014441130539657595,0.00046786037102187155,-0.0047228219415419255,-2.9418071289573794e-05,0.00029456218458965867,-0.003496016336097348,5.85674428891636e-05
2025-11-19,-0.01001605787259638,-0.005477264209629431,-0.0025611506353849446,-0.012595141380002157,0.0007738902842927023,-0.0013482930066057318,0.00020678951335483927,-0.0014624191360482674,0.0013060301356986985,-0.003023675891946885,-0.009425201209504326,0.004018187229416982,-0.0018807430734476347,0.0018626210541640709,0.005472487711559019
2025-11-20,-0.005591584201127306,-0.006941703389369646,-0.00686558132230771,-0.01656398700517504,-0.008776594495496183,-0.008124254846485606,-0.015211348265536795,-0.02024694587905292,-0.01979045652108562,-0.014696953753234253,-0.009589978976476036,-0.006357123473649241,-0.008427141332402662,-0.0028694529634379308,-0.0014263926658567025
2025-11-21,0.026348460778072805,0.03113189791571993,0.0213972468184851,0.006329508904321218,0.01302423946308613,0.02864485164999564,0.018310852778681764,0.018694146084144762,0.01955851670628418,0.012046328203587855,0.01030990228661571,-0.00661497159828832,-0.00227469036229148,-0.0039860014162039535,0.008459293086429008
2025-11-24,-0.006943365558788168,-0.007409884885496443,0.0010451912454733103,-0.0005515371385517091,0.004177897775479609,0.011268708023870304,0.002149647013969473,0.007535160954306335,0.005379501332021972,0.010276382111386791,0.015953653003877858,0.008057908018274903,0.006950662446668843,0.002462554099420643,0.0027435195598754917
2025-11-25,0.012153797004842344,0.03165333011922187,0.013542987706409333,-0.005205118196165524,0.011692806066182011,0.02234352024292182,0.016429251358261777,0.012228287595454343,0.017213628724480175,0.007602087257374637,-0.002413813231847029,-0.002261633975158606,-0.0023940878302595252,-0.0019007054233449508,0.0038423566658985996
2025-11-26,-0.000537678749297882,0.005520619081477515,0.01619453806076552,0.009608003191980108,0.007452510842660099,-0.001261486606245943,0.005756140898612239,0.0019323521884172816,0.015457574682437707,0.009723504036103652,0.016077706392647977,0.003166770880718724,0.005355050476168481,0.0009975559440988644,0.000562117878992946
2025-11-28,0.0049954480453957405,0.0016507436213414608,0.00624003319853209,0.014905641744794503,0.005721302602942286,-0.0018453576204877317,0.004919399733398227,0.009009066992319533,0.005839021909928824,0.0064950226411811755,0.008438443469995551,0.0005109645656040463,0.003790359355610248,0.0014360549503639128,-0.0002130660835018762
2025-12-01,0.0012629091646763574,0.0004999494097003721,0.0009955789082497562,0.008168697776226337,-0.007182002525315741,-0.01420029916670446,-0.0108267117449446,-0.0028586273107154858,-0.004890282402960261,-0.013630465637150337,-0.020260015462789726,-0.0021815330927949634,-0.0026647670034062932,-0.00045734860435506637,0.004673303146433994
2025-12-02,0.0022812075775760334,-0.003927389153436914,-0.004214758440847991,-0.012663635824139072,-0.0021184272847907452,-0.00368670744527149,0.005368741528178545,0.007908120706256032,-0.012045333842517936,0.0008201851499397804,-0.0055865323287577085,-0.0012882709792828447,0.0006671980766868168,0.0016063717404690633,0.0036577923491885422
2025-12-03,0.001455709649809277,0.006340343161932924,0.00429271944678294,0.019687617577895476,0.011886305922514908,0.006419409106539694,0.010995163622234214,0.007011799841113942,0.00479916827660343,-0.0011473587486614896,0.004402583844914236,-0.003513484715284386,0.00026838279160882244,0.0010921029999618624,0.00638929279469395
2025-12-04,0.00453484673197336,-0.0069143953829383115,0.0012904508805155765,0.00635115010640066,0.005071730732107413,-0.002106752905945109,0.003416118380506556,0.004433987342871265,-0.0060671627248197755,-0.0041380237011421316,-0.0031905065244808174,0.00430656291509795,0.0032440488171714132,-0.0023037857600377402,-0.0019272571969690725
2025-12-05,0.01589267294322774,0.006065857905993462,0.0059382846797216195,-0.0012177052170887002,-0.0009219314688887602,0.0004704449585162793,-0.001127773952206507,0.0072289786726013,-0.0014710308905056693,-0.0021972513870473077,-0.005188520651688673,-0.0002515867294941134,0.0022580208860381295,-0.0012399500578909718,0.0017740744417394183
2025-12-08,-0.005168707990874911,-0.007468493517320317,-0.0030987371411273805,-0.015007788989301765,-0.0029969589351631775,-0.012110758230818659,-0.00415518679152387,-0.0016516130568696025,-0.007576038102607743,-0.003140310100081255,-0.009600142954851773,0.0042036562212403655,0.003554775534088709,-0.0005685136549218281,0.0002467158963039626
2025-12-09,0.0018013616592055144,-0.006945405187893364,0.0012951338885427042,0.0018142533589745801,0.005836009157964775,-0.007955484033942957,-0.008123814078528635,-0.0005426710947067264,-0.005529627264847435,-0.0007286906964889428,0.0038734965526399357,0.0011145959113493156,0.0026249226397278952,-0.0002616158118593425,0.0013051795525182007
2025-12-10,0.014737440618335877,0.01396625184880674,0.01707168466263035,0.004358667549950598,0.011569482121572317,0.018647578136448316,0.01867347430234634,0.006422198138567386,0.019173080670811103,0.007137393402997322,0.004954246803513037,-0.0011223331794647908,0.00020859503176054973,-0.0019716208641943865,0.008767432416733587
2025-12-11,0.0020640759953176636,0.01514947411964198,0.006382238958921536,-0.0069450074930262765,0.014201983332824426,0.007459016239163343,0.011420155024442028,0.005080016390361271,0.017010839731161298,0.0054191837419424755,0.0010913489439262204,0.000778298522777477,0.001447962908893519,-0.0031133553174043193,-0.0029491512539823427
2025-12-12,0.0022429584579269106,0.004331502539318315,-0.005543854519497005,-0.010578392346885821,-0.0001726189784029661,-0.006191074815361132,-0.008851703534867604,-0.020601195068929743,-0.0034507776849905724,-0.007219694057314027,-0.006457631212373752,-0.006482527938092979,-0.0039012111040712108,0.0010315223254363172,-0.006633508902104738
2025-12-15,-0.000578176854440279,0.008673265820389658,0.0003631669811796695,-0.009723495828788302,-0.0017051113018360482,0.006582662992347174,0.0002936841191252106,-0.004056861111896417,-0.003011764650441788,0.00020350714619201998,0.006752856699719807,0.0002950149006481559,-0.002843419611803068,-0.0005566967834649182,8.08945092771704e-05
2025-12-16,0.00017071969496793474,-0.0071752657466542585,-0.0019449963172014683,-0.03502660020534804,-0.0035630237272575417,-0.013031532417050696,-0.005834792580197387,-0.005533907576470162,-0.005589280822129895,-0.007278786322947032,-0.0032998672967051307,-0.0008896324144275336,0.0005485664043444584,0.002554791205819282,0.0014097854611741939
2025-12-17,0.002103049541253652,-0.0002831408296370373,-0.0022892318218592435,0.02535462908168157,-0.0011524212295520907,-0.0017067406736671065,-0.013538444384697857,-0.006998023624664363,0.002716386408794816,-0.0012806297841930936,-0.009440959468114636,-0.004428094201332393,-0.005160699860366204,-0.0040476785656419255,-0.003137893876185685
2025-12-18,0.0009468454133658558,0.004519398452813572,0.00046064190576773477,-0.018578211837852517,-0.001584173328430348,0.0006724824674336374,0.005358043656504191,0.0047826137878542235,0.0038936057170896156,0.0019596929420285175,0.01084721093125331,0.004848563184129985,0.003122367484448318,0.0009766462233441787,0.0025969289907879266
2025-12-19,-0.00416231262788793,-0.003995650146271304,0.0019238306365725788,0.0019087257384075745,0.006829715222990061,0.007615967815674748,0.0073608754940086224,0.010219496813382708,0.003475149887661247,0.000802804876963337,-0.010467075353630804,0.0061324968381656535,0.004549051916634842,0.0003494420025801821,0.0015558602904103649
2025-12-22,0.006890091627058604,0.003205767932871387,0.0007942052579345497,0.008497206560785679,0.011610358031271709,0.007497869761310761,0.011197470472470866,0.005781979999900229,0.010554140378166134,0.010365457513713597,0.0061692588411034035,0.0007498846327948036,0.0024964475111081776,-0.0007565754162244238,0.0003749236717461978
2025-12-23,0.0019983450080130203,-0.007421863653792657,-0.009109604785073291,0.005581986560597306,-0.001658819019636261,-0.003997734143763404,-0.0011435097620126997,-0.0024147140861849013,0.001688235271319014,-0.0022264961050241813,0.0005902135711486042,0.002317831737228023,-0.002292206046748797,0.002026265065570527,-0.0008089903041654916
2025-12-24,0.006876717881370854,0.004519431991200464,0.007876912145626958,-0.004885629060335385,0.003985903596603679,0.003691742230518219,0.002737080815732495,0.0013166838619516781,0.0022376320058060035,0.008337604199169613,0.005590869419968472,-0.00037800336949941904,-7.475025443042526e-05,0.0005712527524764617,0.0004419723754650406
2025-12-26,-0.00016662028495790566,-0.0005048156985102915,0.0009292051145762128,-0.004944996047122256,-0.0019234481973671638,0.0011575934993313032,-0.001155105560510095,0.002526948686992368,0.006151852776056776,0.00043979289161950733,-0.0014237385426016363,-0.0007613291151355732,-0.0007686763299107387,-0.0001284448049788136,-0.00032988432528473113
2025-12-29,0.002002065191701594,-0.0043283268574742795,-0.0036109422079864985,0.009927408170347018,-0.003079171610048802,-0.0029791443265187205,-0.002371904553792883,-0.002544138915557011,-0.006092483924356881,0.000541948536262963,0.00014512650575788054,-0.0014759571015100453,0.0003177316626330744,-0.0006790421899812917,-0.0028237102140220923
2025-12-30,0.001899872725216405,-0.0034655977262436095,-0.0018963260740926789,0.00844290468485386,-0.005143572881736364,-0.0008921417488800065,-0.0038425138774855427,-0.003157320064232757,-0.00213962144225178,0.00202895779819411,0.0028141004576048277,-0.001373201433377219,-0.0003331489451658845,0.00036519087539141495,-0.0005266645087071249
2025-12-31,-0.006179739781639191,-0.007344052586727073,-0.008630553931384219,-0.00748412251311217,-0.009187335269873266,-0.008333923969571513,-0.009343729662691163,-0.011909960704403767,-0.007575971625395959,-0.010590610267771272,-0.0070712045255719915,-0.0009373036383858659,-0.0002300174537798649,0.0011553258984779082,-0.0011717891617871851
